Fakhoury,Arabic,Unknown
Toma,Arabic,Unknown
Koury,Arabic,Unknown
Bata,Arabic,Unknown
Samaha,Arabic,Unknown
Sarraf,Arabic,Unknown
Hadad,Arabic,Unknown
Seif,Arabic,Unknown
Mansour,Arabic,Unknown
Maalouf,Arabic,Unknown
Kassis,Arabic,Unknown
Nader,Arabic,Unknown
Harb,Arabic,Unknown
Mustafa,Arabic,Unknown
Shamon,Arabic,Unknown
Shalhoub,Arabic,Unknown
Rahal,Arabic,Unknown
Dagher,Arabic,Unknown
Arian,Arabic,Unknown
Haik,Arabic,Unknown
Mustafa,Arabic,Unknown
Handal,Arabic,Unknown
Shamoon,Arabic,Unknown
Quraishi,Arabic,Italian
Naser,Arabic,Unknown
Tahan,Arabic,Unknown
Mifsud,Arabic,Unknown
Malouf,Arabic,Unknown
Baba,Arabic,Unknown
Botros,Arabic,Unknown
Kouri,Arabic,Unknown
Kassis,Arabic,Unknown
Shamon,Arabic,Unknown
Isa,Arabic,Unknown
Deeb,Arabic,Unknown
Naifeh,Arabic,Unknown
Antoun,Arabic,Unknown
Abadi,Arabic,Unknown
Rahal,Arabic,Unknown
Zogby,Arabic,Unknown
Quraishi,Arabic,Italian
Mansour,Arabic,Unknown
Kattan,Arabic,Unknown
Abadi,Arabic,Unknown
Boutros,Arabic,Unknown
Halabi,Arabic,Unknown
Tuma,Arabic,Unknown
Halabi,Arabic,Unknown
Atiyeh,Arabic,Unknown
Antoun,Arabic,Unknown
Mifsud,Arabic,Unknown
Shadid,Arabic,Unknown
Ghannam,Arabic,Unknown
Seif,Arabic,Unknown
Zogby,Arabic,Unknown
Baba,Arabic,Unknown
Atiyeh,Arabic,Unknown
Kanaan,Arabic,Unknown
Morcos,Arabic,Unknown
Mustafa,Arabic,Unknown
Bitar,Arabic,Unknown
Handal,Arabic,Unknown
Kattan,Arabic,Unknown
Said,Arabic,Unknown
Shalhoub,Arabic,Unknown
Shamoun,Arabic,Unknown
Nazari,Arabic,Unknown
Boutros,Arabic,Unknown
Fakhoury,Arabic,Unknown
Kouri,Arabic,Unknown
Mifsud,Arabic,Unknown
Hadad,Arabic,Unknown
Guirguis,Arabic,Italian
Baba,Arabic,Unknown
Salib,Arabic,Unknown
Zogby,Arabic,Unknown
Bitar,Arabic,Unknown
Saliba,Arabic,Unknown
Tahan,Arabic,Unknown
Bitar,Arabic,Unknown
Nahas,Arabic,Unknown
Ganim,Arabic,Unknown
Khoury,Arabic,Unknown
Isa,Arabic,Unknown
Maalouf,Arabic,Unknown
Shadid,Arabic,Unknown
Ghanem,Arabic,Unknown
Deeb,Arabic,Unknown
Mikhail,Arabic,Italian
Ganim,Arabic,Unknown
Hadad,Arabic,Unknown
Arian,Arabic,Unknown
Khoury,Arabic,Unknown
Basara,Arabic,Unknown
Toma,Arabic,Unknown
Srour,Arabic,Unknown
Nassar,Arabic,Unknown
Ganim,Arabic,Unknown
Basara,Arabic,Unknown
Dagher,Arabic,Unknown
Kalb,Arabic,Unknown
Ganem,Arabic,Unknown
Kassis,Arabic,Unknown
Hajjar,Arabic,Unknown
Ganem,Arabic,Unknown
Nahas,Arabic,Unknown
Hajjar,Arabic,Unknown
Assaf,Arabic,Unknown
Mansour,Arabic,Unknown
Basara,Arabic,Unknown
Attia,Arabic,Unknown
Sarkis,Arabic,Unknown
Kouri,Arabic,Unknown
Wasem,Arabic,Unknown
Asker,Arabic,Unknown
Salib,Arabic,Unknown
Nahas,Arabic,Unknown
Harb,Arabic,Unknown
Shadid,Arabic,Unknown
Kattan,Arabic,Unknown
Moghadam,Arabic,Unknown
Maroun,Arabic,Unknown
Cham,Arabic,Unknown
Ghanem,Arabic,Unknown
Malouf,Arabic,Unknown
Salib,Arabic,Unknown
Asghar,Arabic,Unknown
Guirguis,Arabic,Italian
Hanania,Arabic,Unknown
Qureshi,Arabic,Unknown
Abboud,Arabic,Unknown
Khouri,Arabic,Unknown
Baba,Arabic,Unknown
Botros,Arabic,Unknown
Srour,Arabic,Unknown
Tuma,Arabic,Unknown
Koury,Arabic,Unknown
Antar,Arabic,Unknown
Arian,Arabic,Unknown
Maloof,Arabic,Unknown
Haddad,Arabic,Unknown
Tuma,Arabic,Unknown
Guirguis,Arabic,Italian
Asghar,Arabic,Unknown
Ganem,Arabic,Unknown
Daher,Arabic,Unknown
Maalouf,Arabic,Unknown
Bitar,Arabic,Unknown
Kouri,Arabic,Unknown
Mustafa,Arabic,Unknown
Abboud,Arabic,Unknown
Najjar,Arabic,Unknown
Fakhoury,Arabic,Unknown
Shalhoub,Arabic,Unknown
Shadid,Arabic,Unknown
Mifsud,Arabic,Unknown
Antoun,Arabic,Unknown
Isa,Arabic,Unknown
Abadi,Arabic,Unknown
Salib,Arabic,Unknown
Hajjar,Arabic,Unknown
Hadad,Arabic,Unknown
Tuma,Arabic,Unknown
Ghannam,Arabic,Unknown
Mustafa,Arabic,Unknown
Ganim,Arabic,Unknown
Malouf,Arabic,Unknown
Srour,Arabic,Unknown
Shamon,Arabic,Unknown
Hadad,Arabic,Unknown
Halabi,Arabic,Unknown
Bahar,Arabic,Unknown
Maroun,Arabic,Unknown
Shamoon,Arabic,Unknown
Shamoun,Arabic,Unknown
Kassis,Arabic,Unknown
Nader,Arabic,Unknown
Sabbagh,Arabic,Unknown
Naser,Arabic,Unknown
Khouri,Arabic,Unknown
Arian,Arabic,Unknown
Mustafa,Arabic,Unknown
Khoury,Arabic,Unknown
Asfour,Arabic,Unknown
Nassar,Arabic,Unknown
Rahal,Arabic,Unknown
Asker,Arabic,Unknown
Haddad,Arabic,Unknown
Atiyeh,Arabic,Unknown
Awad,Arabic,Unknown
Sarkis,Arabic,Unknown
Abadi,Arabic,Unknown
Cham,Arabic,Unknown
Boutros,Arabic,Unknown
Srour,Arabic,Unknown
Haddad,Arabic,Unknown
Totah,Arabic,Unknown
Awad,Arabic,Unknown
Dagher,Arabic,Unknown
Atiyeh,Arabic,Unknown
Guirguis,Arabic,Italian
Srour,Arabic,Unknown
Kalb,Arabic,Unknown
Haddad,Arabic,Unknown
Bata,Arabic,Unknown
Khoury,Arabic,Unknown
Nazari,Arabic,Unknown
Maroun,Arabic,Unknown
Shadid,Arabic,Unknown
Awad,Arabic,Unknown
Antoun,Arabic,Unknown
Arian,Arabic,Unknown
Malouf,Arabic,Unknown
Attia,Arabic,Unknown
Maroun,Arabic,Unknown
Hakimi,Arabic,Italian
Bahar,Arabic,Unknown
Mustafa,Arabic,Unknown
Abadi,Arabic,Unknown
Essa,Arabic,Unknown
Srour,Arabic,Unknown
Rahal,Arabic,Unknown
Sarraf,Arabic,Unknown
Ganim,Arabic,Unknown
Ganem,Arabic,Unknown
Arian,Arabic,Unknown
Sayegh,Arabic,Unknown
Ganim,Arabic,Unknown
Gaber,Arabic,Unknown
Mikhail,Arabic,Italian
Handal,Arabic,Unknown
Aswad,Arabic,Unknown
Antar,Arabic,Unknown
Tahan,Arabic,Unknown
Deeb,Arabic,Unknown
Attia,Arabic,Unknown
Basara,Arabic,Unknown
Kassab,Arabic,Unknown
Haddad,Arabic,Unknown
Tahan,Arabic,Unknown
Dagher,Arabic,Unknown
Isa,Arabic,Unknown
Kanaan,Arabic,Unknown
Ganim,Arabic,Unknown
Gerges,Arabic,Unknown
Nahas,Arabic,Unknown
Nader,Arabic,Unknown
Sayegh,Arabic,Unknown
Antar,Arabic,Unknown
Maalouf,Arabic,Unknown
Hanania,Arabic,Unknown
Daher,Arabic,Unknown
Baba,Arabic,Unknown
Daher,Arabic,Unknown
Mustafa,Arabic,Unknown
Handal,Arabic,Unknown
Essa,Arabic,Unknown
Nassar,Arabic,Unknown
Quraishi,Arabic,Italian
Salib,Arabic,Unknown
Boutros,Arabic,Unknown
Sleiman,Arabic,Unknown
Khoury,Arabic,Unknown
Sayegh,Arabic,Unknown
Nahas,Arabic,Unknown
Totah,Arabic,Unknown
Bata,Arabic,Unknown
Naser,Arabic,Unknown
Kanaan,Arabic,Unknown
Abboud,Arabic,Unknown
Asker,Arabic,Unknown
Zogby,Arabic,Unknown
Asker,Arabic,Unknown
Cham,Arabic,Unknown
Malouf,Arabic,Unknown
Bazzi,Arabic,Unknown
Bazzi,Arabic,Unknown
Cham,Arabic,Unknown
Naifeh,Arabic,Unknown
Sarkis,Arabic,Unknown
Kalb,Arabic,Unknown
Bazzi,Arabic,Unknown
Aswad,Arabic,Unknown
Mansour,Arabic,Unknown
Ba,Arabic,Unknown
Assaf,Arabic,Unknown
Koury,Arabic,Unknown
Saliba,Arabic,Unknown
Ganem,Arabic,Unknown
Zogby,Arabic,Unknown
Safar,Arabic,Unknown
Shadid,Arabic,Unknown
Ganim,Arabic,Unknown
Issa,Arabic,Unknown
Hakimi,Arabic,Italian
Sarkis,Arabic,Unknown
Assaf,Arabic,Unknown
Mustafa,Arabic,Unknown
Asghar,Arabic,Unknown
Boutros,Arabic,Unknown
Bian,Chinese,Unknown
Bao,Chinese,Unknown
You,Chinese,Unknown
Ow-Yang,Chinese,Unknown
She,Chinese,Unknown
Pan,Chinese,Unknown
Law,Chinese,Unknown
Mai,Chinese,Unknown
Woo,Chinese,Unknown
Dan,Chinese,Unknown
Lao,Chinese,Unknown
Tze,Chinese,Unknown
Zhi,Chinese,Unknown
Shaw,Chinese,Unknown
Xiang,Chinese,Unknown
Lai,Chinese,Unknown
Zeng,Chinese,Unknown
Seah,Chinese,Unknown
Guo,Chinese,Unknown
Dou,Chinese,Unknown
Tsen,Chinese,Unknown
Wan,Chinese,Unknown
Fan,Chinese,Unknown
Rui,Chinese,Unknown
Jing,Chinese,Unknown
Tang,Chinese,Unknown
Dai,Chinese,Unknown
Kang,Chinese,Unknown
Qiu,Chinese,Unknown
Niu,Chinese,Unknown
Shen,Chinese,Unknown
Sheng,Chinese,Unknown
Yin,Chinese,Unknown
Jin,Chinese,Unknown
Min,Chinese,Unknown
Wei,Chinese,Unknown
Pei,Chinese,Unknown
Loong,Chinese,Unknown
Yau,Chinese,Unknown
Chao,Chinese,Unknown
Cermak,Czech,Unknown
Ballalatak,Czech,Unknown
Vaca,Czech,Unknown
Cerv,Czech,Unknown
Kafka,Czech,Unknown
Faltejsek,Czech,Unknown
Ransom,Czech,Unknown
Camfrlova,Czech,Unknown
Kuffel,Czech,Unknown
Zipperer,Czech,Unknown
Urbanek,Czech,Unknown
Kesl,Czech,Unknown
Michalovicova,Czech,Unknown
Ponec,Czech,Unknown
Doljs,Czech,Unknown
Opizka,Czech,Unknown
Lawa,Czech,Unknown
Kocian,Czech,Unknown
Brabbery,Czech,Unknown
Kudrna,Czech,Unknown
Chalupka,Czech,Unknown
Friedrich,Czech,Unknown
Betlach,Czech,Unknown
Schenk,Czech,Unknown
Suchanka,Czech,Unknown
Frierdich,Czech,Unknown
Kenzel,Czech,Unknown
Pellar,Czech,Unknown
Wilchek,Czech,Unknown
Ruba,Czech,Unknown
Blazejovsky,Czech,Unknown
Weiss,Czech,Unknown
Veverka,Czech,Unknown
Safko,Czech,Unknown
Kreutschmer,Czech,Unknown
Treblik,Czech,Unknown
Grygarova,Czech,Unknown
Schwarz,Czech,Unknown
Holub,Czech,Unknown
Rebka,Czech,Unknown
Timpe,Czech,Unknown
Shula,Czech,Unknown
Grulich,Czech,Unknown
Sankovsky,Czech,Unknown
Kulhanek,Czech,Unknown
Voneve,Czech,Unknown
Kvasnicka,Czech,Unknown
Grabski,Czech,Unknown
Satorie,Czech,Unknown
Katschker,Czech,Unknown
Peary,Czech,Unknown
Stangl,Czech,Unknown
Vlasek,Czech,Unknown
Petersen,Czech,Unknown
Antonowitz,Czech,Unknown
Drassal,Czech,Unknown
Svejkovsky,Czech,Unknown
Jarzembowski,Czech,Unknown
Praseta,Czech,Unknown
Finferovy,Czech,Unknown
Kopp,Czech,Unknown
Mojjis,Czech,Unknown
Uhlik,Czech,Unknown
Jonas,Czech,Unknown
Wiesner,Czech,Unknown
Stary,Czech,Unknown
Skokan,Czech,Unknown
Stramba,Czech,Unknown
Dehmel,Czech,Unknown
Herodes,Czech,Unknown
Ustohal,Czech,Unknown
Bacon,Czech,Unknown
Handzlik,Czech,Unknown
Ruzicka,Czech,Unknown
Kopecky,Czech,Unknown
Chilar,Czech,Unknown
Paiser,Czech,Unknown
Peter,Dutch,Unknown
Rompaye,Dutch,Unknown
Snaijer,Dutch,Unknown
Penners,Dutch,Unknown
Smit,Dutch,Unknown
Zee,Dutch,Unknown
Ven,Dutch,Unknown
Apeldoorn,Dutch,Unknown
Roijakker,Dutch,Unknown
Aller,Dutch,Unknown
Ramaaker,Dutch,Unknown
Laar,Dutch,Unknown
Schuyler,Dutch,Unknown
Peeters,Dutch,Unknown
Rameckers,Dutch,Unknown
Mohren,Dutch,Unknown
Buggenum,Dutch,Unknown
Niftrik,Dutch,Unknown
Rossum,Dutch,Unknown
Ogterop,Dutch,Unknown
Rompa,Dutch,Unknown
Hautem,Dutch,Unknown
Slootmaekers,Dutch,Unknown
Leeuwenhoek,Dutch,Unknown
Kolijn,Dutch,Unknown
Muyskens,Dutch,Unknown
Meeuwes,Dutch,Unknown
Koumans,Dutch,Unknown
Laar,Dutch,Unknown
Spijker,Dutch,Unknown
Schoonraad,Dutch,Unknown
Koeman,Dutch,Unknown
Kollen,Dutch,Unknown
Buren,Dutch,Unknown
Silje,Dutch,Unknown
Seghers,Dutch,Unknown
Akker,Dutch,Unknown
Koning,Dutch,Unknown
Andel,Dutch,Unknown
Reynder,Dutch,Unknown
Schwarzenberg,Dutch,Unknown
Kool,Dutch,Unknown
Amelsvoort,Dutch,Unknown
Klerken,Dutch,Unknown
Dewar,English,Unknown
Dawkins,English,Unknown
Fraser,English,Unknown
English,English,Unknown
Boyce,English,Unknown
Bickley,English,Unknown
Dundon,English,Unknown
Adkins,English,Unknown
Hodge,English,Unknown
Jubb,English,Unknown
Hallam,English,Unknown
Fifield,English,Italian
Carnegie,English,Unknown
Jordan,English,Unknown
Reygan,English,Unknown
Riseborough,English,Unknown
Warwick,English,Unknown
Kinrade,English,Unknown
Mansell,English,Unknown
Donkin,English,Unknown
Hubbard,English,Unknown
Kettlewell,English,Unknown
Goulden,English,Unknown
Jacks,English,Unknown
Ashurst,English,Unknown
Jakeman,English,Unknown
Purcell,English,Unknown
Johanson,English,Unknown
Falsh,English,Unknown
Hopwood,English,Unknown
Pitchford,English,Unknown
Holl,English,Unknown
Keenan,English,Unknown
Sylvester,English,Unknown
Neary,English,Unknown
Taggart,English,Unknown
Carter,English,Unknown
Foran,English,Unknown
Thornton,English,Unknown
Ashcroft,English,Unknown
Crawley,English,Unknown
Pickford,English,Unknown
Bramley,English,Unknown
Ginty,English,Unknown
Tansley,English,Unknown
Hanson,English,Unknown
Horn,English,Unknown
Leach,English,Unknown
Hope,English,Unknown
Bithell,English,Unknown
Millard,English,Unknown
Worrall,English,Unknown
Connell,English,Unknown
Isgate,English,Unknown
Mckeown,English,Unknown
Upton,English,Unknown
Sharma,English,Unknown
Biddle,English,Unknown
Finnimore,English,Italian
Endroe,English,Unknown
Donoghue,English,Unknown
Jerry,English,Unknown
Simpson,English,Unknown
Diamond,English,Unknown
Crofts,English,Unknown
Ryans,English,Unknown
Plouvin,English,Unknown
Lawrie,English,Unknown
Abrahams,English,Unknown
Hirst,English,Unknown
Osman,English,Unknown
Humphreys,English,Unknown
Kehoe,English,Unknown
Fearnley,English,Unknown
Sparrow,English,Unknown
Zaoui,English,Unknown
Laraway,English,Unknown
Thurston,English,Unknown
Bradbury,English,Unknown
Donald,English,Unknown
Gourlay,English,Unknown
Welton,English,Unknown
Kiddle,English,Unknown
Dougherty,English,Unknown
Keene,English,Unknown
Roffey,English,Unknown
Lightfoot,English,Unknown
Leyshon,English,Unknown
Farrell,English,Unknown
Essam,English,Unknown
Toucet,English,Unknown
Rick,English,Unknown
Sutherland,English,Unknown
Lynch,English,Unknown
Kirkbride,English,Italian
Coates,English,Unknown
Bradley,English,Unknown
Leek,English,Unknown
Fielder,English,Unknown
Reay,English,Unknown
Neale,English,Unknown
Ripley,English,Unknown
Spooner,English,Unknown
Hargreaves,English,Unknown
Wilde,English,Unknown
Sadiq,English,Unknown
Gonzalez,English,Unknown
Owens,English,Unknown
Bower,English,Unknown
Estlick,English,Unknown
Bancroft,English,Unknown
Maher,English,Unknown
Adlam,English,Unknown
Newman,English,Unknown
Rickards,English,Unknown
Alford,English,Unknown
Edwick,English,Unknown
Dymond,English,Unknown
Clamp,English,Unknown
Anscombe,English,Unknown
Lane,English,Unknown
Mcmillan,English,Unknown
Wills,English,Unknown
Odam,English,Unknown
Wotherspoon,English,Unknown
Pett,English,Unknown
Goodall,English,Unknown
Griggs,English,Unknown
Rollinson,English,Unknown
Widdowson,English,Unknown
Dexter,English,Unknown
Eadie,English,Unknown
Elliott,English,Unknown
Stephenson,English,Unknown
Addis,English,Unknown
Kolt,English,Unknown
Dora,English,Unknown
Mcnally,English,Unknown
Oxenham,English,Unknown
Partlett,English,Unknown
Wears,English,Unknown
Dowling,English,Unknown
Down,English,Unknown
Donohoe,English,Unknown
Greig,English,Unknown
Ellwood,English,Unknown
Worthington,English,Unknown
Tufnall,English,Unknown
Molloy,English,Unknown
Roach,English,Unknown
Mckee,English,Unknown
Stainton,English,Unknown
Sayers,English,Unknown
Myers,English,Unknown
Butler,English,Unknown
Chauhan,English,Unknown
Watling,English,Unknown
Ayres,English,Unknown
Eastaway,English,Unknown
Wales,English,Unknown
Fairbairn,English,Italian
Phipps,English,Unknown
Fabb,English,Unknown
Glass,English,Unknown
Tate,English,Unknown
Cutts,English,Unknown
Samuel,English,Unknown
Hand,English,Unknown
Hinton,English,Unknown
Field,English,Unknown
Wileman,English,Unknown
Twiggs,English,Unknown
Werrett,English,Unknown
Reisser,English,Unknown
Fitton,English,Unknown
Waite,English,Unknown
Cookson,English,Unknown
Le tissier,English,Italian
Lumb,English,Unknown
Higgs,English,Unknown
Duke,English,Unknown
Illingworth,English,Unknown
Pennell,English,Unknown
Ardern,English,Unknown
Thorley,English,Unknown
Oxby,English,Unknown
Readle,English,Unknown
Okey,English,Unknown
Essop,English,Unknown
Dwyer,English,Unknown
Pennington,English,Unknown
Negros,English,Unknown
Delamarre,English,Unknown
Lobb,English,Unknown
Pinnock,English,Unknown
Biggs,English,Unknown
Bruce,English,Unknown
Nineham,English,Unknown
Mccann,English,Unknown
Lees,English,Unknown
Halliday,English,Unknown
Eastaugh,English,Unknown
Ullman,English,Unknown
Gower,English,Unknown
Johns,English,Unknown
Wilton,English,Unknown
Lilwall,English,Unknown
Hussein,English,Unknown
Rickett,English,Unknown
Sweeting,English,Unknown
Keeble,English,Unknown
Laird,English,Unknown
Maclean,English,Unknown
Entwistle,English,Unknown
Fisk,English,Unknown
Crowe,English,Unknown
Daugherty,English,Unknown
Ralph,English,Unknown
Roome,English,Unknown
Davenport,English,Unknown
Nairn,English,Unknown
Dale,English,Unknown
Tompkins,English,Unknown
Uttridge,English,Unknown
Timberlake,English,Unknown
Burns,English,Unknown
Daniel,English,Unknown
Cohen,English,Unknown
Huggins,English,Unknown
Luttrell,English,Unknown
Newill,English,Unknown
Eales,English,Unknown
Niles,English,Unknown
Steward,English,Unknown
Morris,English,Unknown
Hogg,English,Unknown
Langridge,English,Unknown
Burn,English,Unknown
Aves,English,Unknown
Shand,English,Unknown
Leary,English,Unknown
Foulkes,English,Unknown
Forman,English,Unknown
Pendlebury,English,Unknown
Hallett,English,Unknown
Jasper,English,Unknown
London,English,Unknown
Plummer,English,Unknown
Dodd,English,Unknown
Bennett,English,Unknown
Morrow,English,Unknown
Fellows,English,Unknown
Ayley,English,Unknown
Gough,English,Unknown
Yetman,English,Unknown
Issac,English,Unknown
Elstone,English,Unknown
Hutchison,English,Unknown
Love,English,Unknown
Aziz,English,Unknown
Alderson,English,Unknown
Hepburn,English,Unknown
Nicolson,English,Unknown
Robbins,English,Unknown
Alanson,English,Unknown
Shah,English,Unknown
Goodson,English,Unknown
Cavanagh,English,Unknown
Awad,English,Unknown
Brookfield,English,Unknown
Deighton,English,Unknown
Hood,English,Unknown
Gilbert,English,Unknown
Blackwell,English,Unknown
Fitzsimmons,English,Italian
Golding,English,Unknown
Leese,English,Unknown
Flaherty,English,Unknown
Moseley,English,Unknown
Powles,English,Unknown
Downton,English,Unknown
Paige,English,Unknown
Acton,English,Unknown
Annan,English,Unknown
Drewett,English,Unknown
Lancaster,English,Unknown
Kinsley,English,Unknown
Verell,English,Unknown
Norville,English,Unknown
Luscombe,English,Unknown
Devonport,English,Unknown
Jeffreys,English,Unknown
Ulyatt,English,Unknown
Matthews,English,Unknown
Blythe,English,Unknown
Norburn,English,Unknown
Emery,English,Unknown
Gavin,English,Unknown
Kirwin,English,Italian
Voakes,English,Unknown
D arcy,English,Unknown
Exon,English,Unknown
Perrins,English,Unknown
Harper,English,Unknown
Vine,English,Unknown
Dougal,English,Unknown
Strange,English,Unknown
Pooke,English,Unknown
Thirlway,English,Unknown
Keward,English,Unknown
Gibbon,English,Unknown
Bateman,English,Unknown
Olds,English,Unknown
Manson,English,Unknown
Faust,English,Unknown
Govender,English,Unknown
Wright,English,Unknown
Elkington,English,Unknown
Debenham,English,Unknown
Ingham,English,Unknown
Bone,English,Unknown
Busby,English,Unknown
Shea,English,Unknown
Arnold,English,Unknown
Mcnulty,English,Unknown
Vernon,English,Unknown
Jewers,English,Unknown
Jervis,English,Unknown
Rann,English,Unknown
Graham,English,Unknown
Sanders,English,Unknown
Osborne,English,Unknown
Yapp,English,Unknown
Richards,English,Unknown
Lucas,English,Unknown
Button,English,Unknown
Winman,English,Unknown
Lowrie,English,Unknown
Varey,English,Unknown
Bowen,English,Unknown
Farrer,English,Unknown
Foxall,English,Unknown
Draper,English,Unknown
Steadman,English,Unknown
Jenas,English,Unknown
Stamp,English,Unknown
Kempster,English,Unknown
Mathers,English,Unknown
Hodder,English,Unknown
Orvis,English,Unknown
Gately,English,Unknown
Tunks,English,Unknown
Addams,English,Unknown
Ketley,English,Unknown
Baron,English,Unknown
Pinsmail,English,Italian
Vanwell,English,Unknown
Hitchcock,English,Unknown
Wragg,English,Unknown
Allcott,English,Unknown
Furniss,English,Unknown
Stacey,English,Unknown
Gillam,English,Unknown
Hannam,English,Unknown
Dufour,English,Unknown
Rivers,English,Unknown
Number,English,Unknown
Martin,English,Unknown
Eltis,English,Unknown
Timms,English,Unknown
Mccartney,English,Unknown
Ross,English,Unknown
Yeardley,English,Unknown
Underdown,English,Unknown
Desai,English,Unknown
Dermody,English,Unknown
Patterson,English,Unknown
Drew,English,Unknown
Winder,English,Unknown
Furnell,English,Unknown
Walsh,English,Unknown
Finlay,English,Unknown
Guthrie,English,Unknown
Ainley,English,Unknown
Ekin,English,Unknown
Upfield,English,Unknown
Donaldson,English,Unknown
Fernandez,English,Unknown
Knab,English,Unknown
Smit,English,Unknown
Ogden,English,Unknown
Donnelly,English,Unknown
Jupp,English,Unknown
Thompson,English,Unknown
Mcleod,English,Unknown
Norbury,English,Unknown
Houghton,English,Unknown
Kingscott,English,Unknown
Elvins,English,Unknown
Livingstone,English,Italian
Burland,English,Unknown
Picot,English,Unknown
Stuckey,English,Unknown
Reader,English,Unknown
Lyons,English,Unknown
Farnsworth,English,Unknown
Rixon,English,Unknown
Broadbent,English,Unknown
Mangnall,English,Unknown
Crawford,English,Unknown
Alladee,English,Unknown
Kane,English,Unknown
Mclaren,English,Unknown
Rainey,English,Unknown
Ferguson,English,Unknown
Nowak,English,Unknown
Coward,English,Unknown
Finney,English,Unknown
Lowe,English,Unknown
Glaister,English,Unknown
Ratcliffe,English,Unknown
Astle,English,Unknown
Mackie,English,Unknown
Illing,English,Unknown
Mulligan,English,Unknown
Lennard,English,Unknown
Renshaw,English,Unknown
Rackham,English,Unknown
Kellems,English,Unknown
Simmonds,English,Unknown
Wraight,English,Unknown
Maguire,English,Unknown
Larkings,English,Unknown
Chilvers,English,Unknown
Kerby,English,Unknown
Isaac,English,Unknown
Wicks,English,Unknown
Urwin,English,Unknown
Snow,English,Unknown
Ramsden,English,Unknown
Collinson,English,Unknown
Townsend,English,Unknown
Elleray,English,Unknown
Algar,English,Unknown
Newsome,English,Unknown
Windsor,English,Unknown
Tocher,English,Unknown
Labbe,English,Unknown
Willetts,English,Unknown
Appleby,English,Unknown
Arrowsmith,English,Unknown
Yeomans,English,Unknown
Galloway,English,Unknown
Slater,English,Unknown
Floyd,English,Unknown
Cahill,English,Unknown
Eley,English,Unknown
Elliman,English,Unknown
Orwin,English,Unknown
Bartlett,English,Unknown
Dykes,English,Unknown
Ball,English,Unknown
Madden,English,Unknown
Macmillan,English,Unknown
Stott,English,Unknown
Stenhouse,English,Unknown
Butt,English,Unknown
Ridge,English,Unknown
Kurian,English,Unknown
Brook,English,Unknown
Chalmers,English,Unknown
Nandi,English,Unknown
Boyd,English,Unknown
Young,English,Unknown
Mcarthur,English,Unknown
Tallett,English,Unknown
Laing,English,Unknown
Ingermann,English,Unknown
Flack,English,Unknown
Edmond,English,Unknown
Southwick,English,Unknown
Jessop,English,Unknown
Ormiston,English,Unknown
Edmundson,English,Unknown
Kirwan,English,Unknown
Homer,English,Unknown
Forsythe,English,Unknown
Dolan,English,Unknown
Higgins,English,Italian
Cullen,English,Unknown
Truman,English,Unknown
Trennery,English,Unknown
Luce,English,Unknown
Townend,English,Unknown
Dunmore,English,Unknown
Furlong,English,Unknown
Kenneford,English,Unknown
Walter,English,Unknown
Adamson,English,Unknown
Blundell,English,Unknown
Notman,English,Unknown
Langley,English,Unknown
Cheung,English,Unknown
Knuckles,English,Unknown
Jobson,English,Unknown
Laycock,English,Unknown
Vines,English,Unknown
Eyett,English,Unknown
Foreman,English,Unknown
Allsop,English,Unknown
Fell,English,Unknown
Dalzell,English,Unknown
Campbell,English,Unknown
Nobbs,English,Unknown
Reveley,English,Unknown
Dunn,English,Unknown
Flanders,English,Unknown
Chelmy,English,Unknown
Petrova,English,Unknown
Ullmann,English,Unknown
Eckersall,English,Unknown
Kellie,English,Unknown
Sherwood,English,Unknown
Heath,English,Unknown
Street,English,Unknown
Lowis,English,Unknown
Klein,English,Unknown
Lilly,English,Unknown
Layton,English,Unknown
Epsom,English,Unknown
Denis,English,Unknown
Halliwell,English,Unknown
Litchfield,English,Italian
Burnett,English,Unknown
Ackroyd,English,Unknown
Okeefe,English,Unknown
Linley,English,Unknown
Hellier,English,Unknown
Ingram,English,Unknown
Boulton,English,Unknown
Braithwaite,English,Italian
Wiles,English,Unknown
Johansen,English,Unknown
Banner,English,Unknown
Underwood,English,Unknown
Hardy,English,Unknown
Vallory,English,Unknown
Elbutt,English,Unknown
Adsett,English,Unknown
Shaughnessy,English,Unknown
Tailler,French,Unknown
Marchand,French,Unknown
Giles,French,Unknown
Paquet,French,Unknown
Masson,French,Unknown
Robert,French,Unknown
Charpentier,French,Unknown
Patenaude,French,Unknown
Tobias,French,Unknown
Leclair,French,Unknown
Bureau,French,Unknown
Bonnaire,French,Unknown
Lécuyer,French,Unknown
Fabron,French,Unknown
Dubois,French,Unknown
Forest,French,Unknown
Olivier,French,Unknown
Leroy,French,Unknown
Paternoster,French,Unknown
Babineaux,French,Unknown
Montagne,French,Unknown
Petit,French,Unknown
Lesauvage,French,Unknown
Cousineau,French,Unknown
Traver,French,Unknown
Arthur,French,Unknown
Richelieu,French,Unknown
Leclerc,French,Unknown
Berger,French,Unknown
Legrand,French,Unknown
Masson,French,Unknown
Duval,French,Unknown
Duchamps,French,Unknown
Romilly,French,Unknown
Colbert,French,Unknown
Thayer,French,Unknown
Hardy,French,Unknown
Charron,French,Unknown
Labelle,French,Unknown
Langlais,French,Unknown
Faucheux,French,Unknown
Buhr,German,Unknown
Holzknecht,German,Unknown
Grosse,German,Unknown
Herbert,German,Unknown
Lieberenz,German,Unknown
Blau,German,Unknown
Richter,German,Unknown
Grosser,German,Unknown
Lang,German,Unknown
Rosenberger,German,Unknown
Herschel,German,Unknown
Lawrenz,German,Unknown
Paternoster,German,Unknown
Prinz,German,Unknown
Karl,German,Unknown
Tangeman,German,Unknown
Maas,German,Unknown
Schenck,German,Unknown
Schuhart,German,Unknown
Rothenberg,German,Unknown
Gross,German,Unknown
Braun,German,Unknown
Fried,German,Unknown
Seidel,German,Unknown
Aleshite,German,Unknown
Mein,German,Unknown
Großel,German,Unknown
Houk,German,Unknown
Sulzbach,German,Unknown
Ackermann,German,Unknown
Trumbauer,German,Unknown
Kempf,German,Unknown
Frost,German,Unknown
Sander,German,Unknown
Schuhmacher,German,Unknown
Feldt,German,Unknown
Reuter,German,Unknown
Bieber,German,Unknown
Becker,German,Unknown
Schmitt,German,Unknown
Swango,German,Unknown
Küchler,German,Unknown
Sorge,German,Unknown
Hasenkamp,German,Unknown
Samuel,German,Unknown
Stuber,German,Unknown
Strobel,German,Unknown
Stumpf,German,Unknown
Unruh,German,Unknown
Janz,German,Unknown
Holst,German,Unknown
Gerhard,German,Unknown
Garver,German,Unknown
Rapp,German,Unknown
Gensch,German,Unknown
Müller,German,Unknown
Rademaker,German,Unknown
Baumhauer,German,Unknown
Dittmar,German,Unknown
Penzig,German,Unknown
Bambach,German,Unknown
Kundert,German,Unknown
Herrmann,German,Unknown
Köhler,German,Unknown
Klein,German,Unknown
Wetzel,German,Unknown
Westerberg,German,Unknown
Jaeger,German,Unknown
Fromm,German,Unknown
Auer,German,Unknown
Weigand,German,Unknown
Königsmann,German,Unknown
Meinhardt,German,Unknown
Wolf,German,Unknown
Albrecht,German,Unknown
Winther,German,Unknown
Gorman,German,Unknown
Kohl,German,Unknown
Greenberg,German,Unknown
Schuchardt,German,Unknown
Gott,German,Unknown
Meier,German,Unknown
Sauber,German,Unknown
Nussbaum,German,Unknown
Achterberg,German,Unknown
Krantz,German,Unknown
Baasch,German,Unknown
Schultheiss,German,Unknown
Kruckel,German,Unknown
Waltz,German,Unknown
Friedrich,German,Unknown
Loris,German,Unknown
Feld,German,Unknown
Bauer,German,Unknown
Breisacher,German,Unknown
Kaube,German,Unknown
Otto,German,Unknown
Beltz,German,Unknown
Wedekind,German,Unknown
Lafrenz,German,Unknown
Gabler,German,Unknown
Dunkle,German,Unknown
Gottschalk,German,Unknown
Gunther,German,Unknown
Garber,German,Unknown
Wieck,German,Unknown
Leitz,German,Unknown
Armbruster,German,Unknown
Antonopoulos,Greek,Unknown
Gomatos,Greek,Unknown
Egonidis,Greek,Unknown
Pappayiorgas,Greek,Unknown
Gavril,Greek,Unknown
Nomikos,Greek,Unknown
Lolos,Greek,Unknown
Adamidis,Greek,Unknown
Christakos,Greek,Unknown
Fourakis,Greek,Unknown
Alexandropoulos,Greek,Unknown
Bursinos,Greek,Unknown
Geracimos,Greek,Unknown
Pantelakos,Greek,Unknown
Georgeakopoulos,Greek,Unknown
Kosmas,Greek,Unknown
Diakogeorgiou,Greek,Unknown
Gavrilopoulos,Greek,Unknown
Rorris,Greek,Unknown
Koumanidis,Greek,Unknown
Calpis,Greek,Unknown
Dioletis,Greek,Unknown
Kreskas,Greek,Unknown
Gianakopulos,Greek,Unknown
Agelakos,Greek,Unknown
Sardelis,Greek,Unknown
Zouvelekis,Greek,Unknown
Ruvelas,Greek,Unknown
Kotsiopoulos,Greek,Unknown
Dritsas,Greek,Unknown
Gallchobhar,Irish,Unknown
Maciomhair,Irish,Italian
Power,Irish,Unknown
Meadhra,Irish,Unknown
Reagan,Irish,Unknown
Mcnab,Irish,Unknown
Ceallachan,Irish,Unknown
Curran,Irish,Unknown
Madaidhin,Irish,Italian
Hayden,Irish,Unknown
Maguire,Irish,Unknown
O'Shea,Irish,Unknown
O'Rourke,Irish,Unknown
Delaney,Irish,Unknown
Rinn,Irish,Unknown
O'Neill,Irish,Unknown
Macghabhann,Irish,Unknown
Kavanagh,Irish,Unknown
Eoin,Irish,Unknown
Roach,Irish,Unknown
Mochan,Irish,Unknown
O'Kelly,Irish,Unknown
Riagan,Irish,Unknown
O'Mooney,Irish,Unknown
O'Brian,Irish,Unknown
O'Meara,Irish,Unknown
Nolan,Irish,Unknown
Quigley,Irish,Unknown
Connolly,Irish,Unknown
Gerald,Irish,Unknown
Macshuibhne,Irish,Unknown
Malone,Irish,Unknown
Sechnall,Irish,Unknown
O'Doherty,Irish,Unknown
Pietri,Italian,Italian
Zangari,Italian,Unknown
Ruggeri,Italian,Unknown
Pellegrino,Italian,Unknown
Roma,Italian,Unknown
Sansone,Italian,Unknown
Uberti,Italian,Unknown
Pavesi,Italian,Unknown
Murgia,Italian,Unknown
Breda,Italian,Unknown
Donati,Italian,Unknown
Bianchi,Italian,Italian
Roncalli,Italian,Unknown
Lagorio,Italian,Unknown
Nanni,Italian,Unknown
D'ambrosio,Italian,Unknown
Carbone,Italian,Unknown
Lagomarsìno,Italian,Unknown
Aliberti,Italian,Italian
Altoviti,Italian,Italian
Nieri,Italian,Italian
Acconci,Italian,Unknown
Giannino,Italian,Italian
Albricci,Italian,Italian
Albani,Italian,Unknown
Rais,Italian,Unknown
Tedesco,Italian,Unknown
Nepi,Italian,Unknown
Poggio,Italian,Unknown
Landolfi,Italian,Unknown
Aloia,Italian,Unknown
Provenza,Italian,Unknown
Nicosia,Italian,Italian
Columbo,Italian,Unknown
Varano,Italian,Unknown
Capello,Italian,Unknown
Lazzari,Italian,Unknown
Bellandini,Italian,Italian
Mosconi,Italian,Unknown
Salomon,Italian,Unknown
Belloni,Italian,Unknown
Cattaneo,Italian,Unknown
Serpico,Italian,Unknown
Sebastino,Italian,Unknown
Elena,Italian,Unknown
Amantea,Italian,Unknown
Salvatici,Italian,Italian
Albero,Italian,Unknown
Alduino,Italian,Unknown
Caito,Italian,Unknown
Sacco,Italian,Unknown
Abandonato,Italian,Unknown
Leccese,Italian,Unknown
Santini,Italian,Italian
Scordato,Italian,Unknown
Vescovi,Italian,Unknown
Pozzi,Italian,Unknown
Innocenti,Italian,Unknown
Antonelli,Italian,Unknown
Airaldi,Italian,Italian
Pesaro,Italian,Unknown
Lippi,Italian,Italian
Barone,Italian,Unknown
Ré,Italian,Unknown
Scutese,Italian,Unknown
Sarno,Italian,Unknown
Tamàro,Italian,Unknown
Laguardia,Italian,Unknown
Pagani,Italian,Unknown
Bagnoli,Italian,Unknown
Poletti,Italian,Unknown
Lèmmi,Italian,Unknown
Cremaschi,Italian,Unknown
Ajello,Italian,Unknown
Fava,Italian,Unknown
Alinari,Italian,Italian
Marino,Italian,Unknown
Aggio,Italian,Unknown
Nicolosi,Italian,Italian
Lombardi,Italian,Unknown
Napoliello,Italian,Unknown
Favero,Italian,Unknown
Bellandi,Italian,Unknown
Acquati,Italian,Unknown
Biondo,Italian,Unknown
Garofalo,Italian,Unknown
Acconcio,Italian,Unknown
Allegro,Italian,Unknown
Bartalotti,Italian,Unknown
Oberto,Italian,Unknown
Fermi,Italian,Unknown
Poggi,Italian,Unknown
Faraldo,Italian,Unknown
Confortola,Italian,Unknown
Rotolo,Italian,Unknown
Ricci,Italian,Italian
Arlotti,Italian,Unknown
Amoretto,Italian,Unknown
Riggi,Italian,Italian
Serafin,Italian,Unknown
Bello,Italian,Unknown
Nicodemo,Italian,Unknown
Bulgari,Italian,Unknown
Abbatangelo,Italian,Unknown
Pagano,Italian,Unknown
Calligaris,Italian,Italian
Takashi,Japanese,Unknown
Ishida,Japanese,Unknown
Soga,Japanese,Unknown
Mitsuharu,Japanese,Japanese
Seo,Japanese,Unknown
Ohmae,Japanese,Unknown
Miyoshi,Japanese,Unknown
Kajitani,Japanese,Unknown
Yamanaka,Japanese,Japanese
Satoya,Japanese,Unknown
Kotoku,Japanese,Unknown
Nakasato,Japanese,Unknown
Odaka,Japanese,Unknown
Kahaya,Japanese,Unknown
Usami,Japanese,Unknown
Watnabe,Japanese,Unknown
Numajiri,Japanese,Unknown
Toyama,Japanese,Unknown
Shigeki,Japanese,Unknown
Arita,Japanese,Unknown
Takagi,Japanese,Unknown
Endo,Japanese,Unknown
Higuchi,Japanese,Unknown
Kurohiko,Japanese,Unknown
Yanagawa,Japanese,Unknown
Dan,Japanese,Unknown
Miyake,Japanese,Unknown
Mutsu,Japanese,Japanese
Hattori,Japanese,Unknown
Okabe,Japanese,Unknown
Uchida,Japanese,Unknown
Nakazawa,Japanese,Unknown
Yoshioka,Japanese,Unknown
Yamada,Japanese,Unknown
Erizawa,Japanese,Unknown
Ijiri,Japanese,Unknown
Someya,Japanese,Unknown
Komon,Japanese,Unknown
Yamamura,Japanese,Unknown
Kurosawa,Japanese,Unknown
Higoshi,Japanese,Unknown
Okimasa,Japanese,Unknown
Asai,Japanese,Unknown
Oshin,Japanese,Unknown
Sugase,Japanese,Unknown
Shunji,Japanese,Unknown
Hamada,Japanese,Unknown
Asanuma,Japanese,Unknown
Sakurai,Japanese,Unknown
Sekozawa,Japanese,Unknown
Yamanoue,Japanese,Unknown
Yamabe,Japanese,Unknown
Oishi,Japanese,Unknown
Yasuda,Japanese,Unknown
Tanuma,Japanese,Unknown
Koshin,Japanese,Unknown
Nakasawa,Japanese,Unknown
Imoo,Japanese,Unknown
Shiokawa,Japanese,Japanese
Asuhara,Japanese,Unknown
Otaka,Japanese,Unknown
Murasaki,Japanese,Unknown
Nagata,Japanese,Unknown
Kazuyoshi,Japanese,Unknown
Takekawa,Japanese,Japanese
Saitoh,Japanese,Unknown
Miyahara,Japanese,Unknown
Nakadai,Japanese,Unknown
Iwakura,Japanese,Unknown
Hirase,Japanese,Unknown
Tatsuko,Japanese,Japanese
Ohmiya,Japanese,Unknown
Tanizaki,Japanese,Unknown
Takagawa,Japanese,Unknown
Nakanoi,Japanese,Unknown
Nakanishi,Japanese,Unknown
Mazuka,Japanese,Unknown
Kiski,Japanese,Unknown
Eda,Japanese,Unknown
Honami,Japanese,Unknown
Takagaki,Japanese,Unknown
Tono,Japanese,Unknown
Soseki,Japanese,Unknown
Maeno,Japanese,Unknown
Kamata,Japanese,Unknown
Kubota,Japanese,Unknown
Minabuchi,Japanese,Unknown
Satake,Japanese,Unknown
Kido,Japanese,Unknown
Onohara,Japanese,Unknown
Matsuzawa,Japanese,Japanese
Tsujimura,Japanese,Unknown
Tabuchi,Japanese,Unknown
Kurkawa,Japanese,Japanese
Kikugawa,Japanese,Unknown
Hatayama,Japanese,Unknown
Shirokawa,Japanese,Japanese
Mifune,Japanese,Unknown
Nozara,Japanese,Unknown
Aoki,Japanese,Unknown
Kawasie,Japanese,Unknown
Konoe,Japanese,Unknown
Nishihara,Japanese,Unknown
Kawamura,Japanese,Unknown
Taketomo,Japanese,Unknown
Yuhara,Japanese,Unknown
Toshitala,Japanese,Unknown
Okumura,Japanese,Unknown
Ayabito,Japanese,Unknown
Kwakami,Japanese,Unknown
Morioka,Japanese,Unknown
Igarashi,Japanese,Unknown
Akimoto,Japanese,Unknown
Kurusu,Japanese,Unknown
Okuda,Japanese,Unknown
Kanesaka,Japanese,Unknown
Araki,Japanese,Unknown
Mitsuya,Japanese,Japanese
Kinashita,Japanese,Unknown
Otomo,Japanese,Unknown
Takeuchi,Japanese,Unknown
Maruyama,Japanese,Unknown
Takewaki,Japanese,Unknown
Kuno,Japanese,Unknown
Makioka,Japanese,Unknown
Yamana,Japanese,Unknown
Namiki,Japanese,Unknown
Nakayama,Japanese,Unknown
Kimiyama,Japanese,Unknown
Fuwa,Japanese,Unknown
Urogataya,Japanese,Unknown
Shimedzu,Japanese,Unknown
Shima,Japanese,Unknown
Sakanoue,Japanese,Unknown
Fukuoka,Japanese,Unknown
Hirota,Japanese,Unknown
Oichi,Japanese,Unknown
Iesada,Japanese,Unknown
Masuno,Japanese,Unknown
Osagawa,Japanese,Unknown
Higo,Japanese,Unknown
Ichisada,Japanese,Unknown
Takeshita,Japanese,Unknown
Yamhata,Japanese,Unknown
Sumitimo,Japanese,Unknown
Daishi,Japanese,Unknown
Kishi,Japanese,Unknown
Joshuya,Japanese,Unknown
Nam,Korean,Unknown
Ha,Korean,Unknown
Shin,Korean,Unknown
Yoo,Korean,Unknown
Chi,Korean,Unknown
Yun,Korean,Unknown
Seo,Korean,Unknown
Hwang,Korean,Unknown
Chou,Korean,Unknown
Han,Korean,Unknown
Hyun,Korean,Unknown
Mo,Korean,Unknown
San,Korean,Unknown
Chweh,Korean,Unknown
Janda,Polish,Unknown
Gomolka,Polish,Unknown
Szweda,Polish,Unknown
Salomon,Polish,Unknown
Jaskulski,Polish,Unknown
Bartosz,Polish,Unknown
Winograd,Polish,Unknown
Pasternak,Polish,Unknown
Wronski,Polish,Unknown
Bernard,Polish,Unknown
Kaczka,Polish,Unknown
Kaluza,Polish,Unknown
Kozlowski,Polish,Unknown
Kamiński,Polish,Italian
Król,Polish,Unknown
Górka,Polish,Unknown
Gorecki,Polish,Unknown
Filipowski,Polish,Italian
Sitko,Polish,Unknown
Miazga,Polish,Unknown
Estéves,Portuguese,Unknown
Pinho,Portuguese,Unknown
Ferreiro,Portuguese,Unknown
Silva,Portuguese,Unknown
Romão,Portuguese,Unknown
D'cruz,Portuguese,Unknown
Silveira,Portuguese,Unknown
Simões,Portuguese,Unknown
Araújo,Portuguese,Unknown
Ferro,Portuguese,Unknown
Coelho,Portuguese,Unknown
Mindra,Russian,Unknown
Holuev,Russian,Unknown
Researcher,Russian,Unknown
Vasin,Russian,Unknown
Beltyukov,Russian,Unknown
Finogeev,Russian,Unknown
Dovgopoly,Russian,Unknown
Hazan,Russian,Unknown
Mordvinov,Russian,Unknown
Averyanov,Russian,Unknown
Enyagin,Russian,Unknown
Poshibalov,Russian,Unknown
Baikalov,Russian,Unknown
Zhimerin,Russian,Italian
Kabyshev,Russian,Unknown
Haustov,Russian,Unknown
Katsarev,Russian,Unknown
Nahamkis,Russian,Unknown
Agababyan,Russian,Unknown
Iskander,Russian,Unknown
Novosiltsov,Russian,Unknown
Atanov,Russian,Unknown
Tsyurupa,Russian,Unknown
Tupalo,Russian,Unknown
Jakushev,Russian,Unknown
Jachmenev,Russian,Unknown
Ponyatkov,Russian,Unknown
Yakov,Russian,Unknown
Zhilchikov,Russian,Italian
Holodkovsky,Russian,Unknown
Mihilev,Russian,Italian
Awilkin,Russian,Italian
Velyaminov,Russian,Unknown
Bachilo,Russian,Unknown
Didichenko,Russian,Italian
Tzagunov,Russian,Unknown
Jmelkov,Russian,Unknown
Abdulgapuroff,Russian,Unknown
Pohodun,Russian,Unknown
Ruzhenkov,Russian,Unknown
Golovenok,Russian,Unknown
Gorbman,Russian,Unknown
Shaikhmurzin,Russian,Italian
Gudtsov,Russian,Unknown
Makushkin,Russian,Unknown
Abikh,Russian,Unknown
Grigorishin,Russian,Italian
Nuryshev,Russian,Unknown
Bezrukih,Russian,Unknown
Avtorkhanov,Russian,Unknown
Awaliani,Russian,Italian
Mozhar,Russian,Unknown
Tchaganov,Russian,Unknown
Chihanchin,Russian,Italian
Lubushkin,Russian,Unknown
Agababov,Russian,Unknown
Holodilin,Russian,Italian
Talkov,Russian,Unknown
Adilov,Russian,Unknown
Podsyadlo,Russian,Unknown
Adelfinski,Russian,Italian
Beider,Russian,Unknown
Plichko,Russian,Unknown
Zasuhin,Russian,Unknown
Abolin,Russian,Unknown
Lysko,Russian,Unknown
Remez,Russian,Unknown
Grossman,Russian,Unknown
Dmukhovsky,Russian,Unknown
Alkvist,Russian,Unknown
Yatzuba,Russian,Unknown
Lapin,Russian,Unknown
Hasaev,Russian,Unknown
Agranovich,Russian,Unknown
Rogachev,Russian,Unknown
To The First Page,Russian,Unknown
Pochkaev,Russian,Unknown
Chekis,Russian,Unknown
Leizerman,Russian,Unknown
Awerkowitch,Russian,Unknown
Kachimov,Russian,Unknown
Rotmistrov,Russian,Unknown
Moshenko,Russian,Unknown
Baidzhanov,Russian,Unknown
Chkhikvadze,Russian,Unknown
Mudrov,Russian,Unknown
Serednitsky,Russian,Unknown
Isayan,Russian,Unknown
Zhitukhin,Russian,Italian
Belgov,Russian,Unknown
Chukhlomsky,Russian,Unknown
Valentinovich,Russian,Italian
Valnev,Russian,Unknown
Baier,Russian,Unknown
Shahlamov,Russian,Unknown
Zhandarov,Russian,Unknown
Baburov,Russian,Unknown
Nasikan,Russian,Unknown
Glukhman,Russian,Unknown
Dogadkin,Russian,Unknown
Hanykov,Russian,Unknown
Jadovsky,Russian,Unknown
Belikovich,Russian,Italian
Baibikov,Russian,Italian
Mahalov,Russian,Unknown
Poyarkov,Russian,Unknown
Gronsky,Russian,Unknown
Ustkachkintsev,Russian,Unknown
Gudoshin,Russian,Unknown
Jeldakov,Russian,Unknown
Tzaplinsky,Russian,Unknown
Dik,Russian,Unknown
Vyalushkin,Russian,Unknown
Geftler,Russian,Unknown
Bilibin,Russian,Italian
Zhitny,Russian,Unknown
Grushevenko,Russian,Unknown
Bagdasaroff,Russian,Unknown
Tubylov,Russian,Unknown
Kalinovsky,Russian,Unknown
Jatzenko,Russian,Unknown
Zhirikov,Russian,Italian
Bestuzhev,Russian,Unknown
Zhedrinsky,Russian,Unknown
Jernov,Russian,Unknown
Handohin,Russian,Unknown
Agzamov,Russian,Unknown
Jandarbiev,Russian,Unknown
Martoyas,Russian,Unknown
Djanibekov,Russian,Unknown
Belshtein,Russian,Unknown
Hidirov,Russian,Italian
Ablyakimoff,Russian,Unknown
Jdankov,Russian,Unknown
Guliev,Russian,Unknown
Zhvachkin,Russian,Unknown
Bazanov,Russian,Unknown
Chernovol,Russian,Unknown
Dahin,Russian,Unknown
Habarin,Russian,Unknown
Rochegov,Russian,Unknown
Bekkarevich,Russian,Unknown
Hilkov,Russian,Unknown
Kabakov,Russian,Unknown
Tokarenko,Russian,Unknown
Portyanko,Russian,Unknown
Lychanaya,Russian,Unknown
Rogashkov,Russian,Unknown
Atabekov,Russian,Unknown
Martsenyuk,Russian,Unknown
Verbitsky,Russian,Unknown
Jugai,Russian,Unknown
Gesti,Russian,Unknown
Obukovkin,Russian,Unknown
Makhmudov,Russian,Unknown
Tsyurko,Russian,Unknown
Eroshin,Russian,Unknown
Pavelko,Russian,Unknown
Lodyagin,Russian,Unknown
Halkiopov,Russian,Unknown
Maryenko,Russian,Unknown
Nugaibekov,Russian,Unknown
Vyalko,Russian,Unknown
Hlyzov,Russian,Unknown
Uchuvatkin,Russian,Unknown
Shakhgildyan,Russian,Unknown
Jimerin,Russian,Italian
Agatov,Russian,Unknown
Zherzdev,Russian,Unknown
Valberh,Russian,Unknown
Shalgin,Russian,Unknown
Digurov,Russian,Unknown
Vygovsky,Russian,Unknown
Zhvanetsky,Russian,Unknown
Shahov,Russian,Unknown
Dehtyarev,Russian,Unknown
Rotenberg,Russian,Unknown
Dontsov,Russian,Unknown
Islamov,Russian,Unknown
Chkheidze,Russian,Unknown
Dobridnyuk,Russian,Unknown
Martemyanov,Russian,Unknown
Esikov,Russian,Unknown
Goloushin,Russian,Unknown
Moshkarkin,Russian,Unknown
Hatuntsev,Russian,Unknown
Mozhaiskov,Russian,Unknown
Balanowsky,Russian,Unknown
Eihfeld,Russian,Unknown
Maruschenko,Russian,Unknown
Badamshin,Russian,Unknown
Gluskin,Russian,Unknown
Tihenko,Russian,Unknown
Gluhman,Russian,Unknown
Daniltsev,Russian,Unknown
Abyshev,Russian,Unknown
Zhuzhnev,Russian,Unknown
Yakon,Russian,Unknown
Haraman,Russian,Unknown
Rekemchuk,Russian,Unknown
Martysyuk,Russian,Unknown
Gorbachev,Russian,Unknown
Gulkin,Russian,Unknown
Deulin,Russian,Unknown
Gauer,Russian,Unknown
Mihalchuk,Russian,Unknown
Myachkov,Russian,Unknown
Mujitskih,Russian,Italian
Jadne,Russian,Unknown
Shahbazov,Russian,Unknown
Tzebrikov,Russian,Unknown
Omarov,Russian,Unknown
Hilchevsky,Russian,Unknown
Zholovan,Russian,Unknown
Hamadullin,Russian,Unknown
Lihomanov,Russian,Unknown
Turunov,Russian,Unknown
Yanishevsky,Russian,Unknown
Abdulladjanov,Russian,Unknown
Jujnev,Russian,Unknown
Johin,Russian,Unknown
Bekleshev,Russian,Unknown
Veselago,Russian,Unknown
Jigultsov,Russian,Unknown
Derzhavets,Russian,Unknown
Badyaev,Russian,Unknown
Golovachev,Russian,Unknown
Multah,Russian,Unknown
Murtazin,Russian,Unknown
Rzhavinsky,Russian,Unknown
Hairutdinov,Russian,Italian
Nouvel,Russian,Unknown
Egarmin,Russian,Unknown
Vorogushin,Russian,Unknown
Toidze,Russian,Unknown
Taltskov,Russian,Unknown
Balakleevsky,Russian,Unknown
Zharmukhamedov,Russian,Unknown
Mihailutsa,Russian,Italian
Ebergard,Russian,Unknown
Abdulbasirov,Russian,Unknown
V'Yuhin,Russian,Unknown
Zelenov,Russian,Unknown
Kalimahi,Russian,Italian
Forsh,Russian,Unknown
Dobretsky,Russian,Unknown
Elinson,Russian,Unknown
Bazarevich,Russian,Unknown
Peleev,Russian,Unknown
Hitrov,Russian,Unknown
Kacharyants,Russian,Unknown
Engelmeier,Russian,Unknown
Vedikhov,Russian,Unknown
Chuvashev,Russian,Unknown
Avakyan,Russian,Unknown
Abramov,Russian,Unknown
Awksentiewsky,Russian,Unknown
Lubsky,Russian,Unknown
Mogilensky,Russian,Unknown
Homich,Russian,Unknown
Vaistuh,Russian,Unknown
Almuhametov,Russian,Unknown
Yanover,Russian,Unknown
Jernovoy,Russian,Unknown
Vikhansky,Russian,Unknown
Minnikhanov,Russian,Italian
Baewski,Russian,Unknown
Golofeev,Russian,Unknown
Hanenya,Russian,Unknown
Badoff,Russian,Unknown
Lihovskih,Russian,Italian
Aboimov,Russian,Unknown
Abdrazakov,Russian,Unknown
Belovol,Russian,Unknown
Teterev,Russian,Unknown
Dantsiger,Russian,Unknown
Abdrakhmanoff,Russian,Unknown
Batsura,Russian,Japanese
Tsagunov,Russian,Unknown
Seredyuk,Russian,Unknown
Gultyaev,Russian,Unknown
Yakob,Russian,Unknown
Golochevsky,Russian,Unknown
Lebidko,Russian,Unknown
Tsvirko,Russian,Unknown
Zhirnyakov,Russian,Unknown
Bekker,Russian,Unknown
Elez,Russian,Unknown
Kachalovsky,Russian,Unknown
Turmanov,Russian,Unknown
Ajinoff,Russian,Unknown
Zinnatov,Russian,Unknown
Chertorijsky,Russian,Unknown
Dargevich,Russian,Unknown
Kaletin,Russian,Unknown
Dzhanaev,Russian,Unknown
Velikin,Russian,Italian
Pitaevsky,Russian,Unknown
Abakumtsev,Russian,Unknown
Tsehanovich,Russian,Unknown
Piterskih,Russian,Italian
Ryzhkovsky,Russian,Unknown
Elanin,Russian,Unknown
Halyapin,Russian,Unknown
Zhiryakov,Russian,Unknown
Lysikhin,Russian,Italian
Hapachev,Russian,Unknown
Evstratov,Russian,Unknown
Rukhlin,Russian,Unknown
Tzayukov,Russian,Unknown
Habibulin,Russian,Italian
Badikov,Russian,Unknown
Kalaidovich,Russian,Italian
Bestujev,Russian,Unknown
Bahtiyaroff,Russian,Unknown
Abdulrahmanov,Russian,Unknown
Jaboev,Russian,Unknown
Liholobov,Russian,Unknown
Jokin,Russian,Unknown
Zhalagin,Russian,Unknown
Tsvelyukh,Russian,Unknown
Jakuschenko,Russian,Unknown
Dnishev,Russian,Unknown
Pecherkin,Russian,Unknown
Adov,Russian,Unknown
Lihtentul,Russian,Unknown
Havroshin,Russian,Unknown
Abertasov,Russian,Unknown
Belikin,Russian,Italian
Baer,Russian,Unknown
Shirko,Russian,Unknown
Havinson,Russian,Unknown
Andrusiw,Russian,Unknown
Tzahilov,Russian,Unknown
Balahonsky,Russian,Unknown
Molnovetsky,Russian,Unknown
Aboev,Russian,Unknown
Vedyaskin,Russian,Unknown
Abyzgiddin,Russian,Italian
Pellenen,Russian,Unknown
Jemlihanov,Russian,Unknown
Almut,Russian,Unknown
Ababko,Russian,Unknown
Yukhimenko,Russian,Unknown
Rivkin,Russian,Italian
Zhogov,Russian,Unknown
Jandulsky,Russian,Unknown
Vygotsky,Russian,Unknown
Hasis,Russian,Unknown
Avdiev,Russian,Unknown
Halkechev,Russian,Unknown
Tihodeev,Russian,Unknown
Halaphaev,Russian,Unknown
Abalakin,Russian,Unknown
Egin,Russian,Unknown
Abramovitch,Russian,Unknown
Enshin,Russian,Unknown
Himich,Russian,Italian
Gorstkin,Russian,Unknown
Por,Russian,Unknown
Markus,Russian,Unknown
Balabai,Russian,Unknown
Matsotsky,Russian,Unknown
Nesmachko,Russian,Unknown
Tzalyhin,Russian,Unknown
Tzeluiko,Russian,Unknown
Awagimoff,Russian,Unknown
Ujva,Russian,Unknown
Eihe,Russian,Unknown
Vertiprahov,Russian,Unknown
Awen,Russian,Unknown
Jachnik,Russian,Unknown
Pavelyev,Russian,Unknown
Filippovich,Russian,Italian
Gasman,Russian,Unknown
Tzakunov,Russian,Unknown
Natapov,Russian,Unknown
Tuguz,Russian,Unknown
Awtukhoff,Russian,Unknown
Dobrotvorsky,Russian,Unknown
Jurkov,Russian,Unknown
Michudo,Russian,Unknown
To The First Page,Russian,Unknown
Mordvin,Russian,Unknown
Taller,Russian,Unknown
Vozmitel,Russian,Unknown
Dzhezhela,Russian,Unknown
Awroff,Russian,Unknown
Yakimychev,Russian,Unknown
Vikulin,Russian,Italian
Bakhovkin,Russian,Unknown
Otstavnoi,Russian,Unknown
Shalyapin,Russian,Unknown
Avdulov,Russian,Unknown
Raihelgauz,Russian,Unknown
Shenyavsky,Russian,Unknown
Vangengeim,Russian,Unknown
Matsevich,Russian,Unknown
Zasyad'Ko,Russian,Unknown
Gorsun,Russian,Unknown
Chukhanov,Russian,Unknown
Ryjkin,Russian,Unknown
Renzyaev,Russian,Unknown
Haidukov,Russian,Unknown
Shahansky,Russian,Unknown
Minyajetdinov,Russian,Italian
Hanjiev,Russian,Unknown
Habelashvili,Russian,Italian
Zhurbenko,Russian,Unknown
Chikurov,Russian,Unknown
Lokhanov,Russian,Unknown
Egides,Russian,Unknown
Habov,Russian,Unknown
Babahanov,Russian,Unknown
Shahnarovich,Russian,Unknown
Zhitnikov,Russian,Italian
Timkov,Russian,Unknown
Rempler,Russian,Unknown
Yankilevsky,Russian,Unknown
Jamlikhanov,Russian,Unknown
Mihnov,Russian,Unknown
Muzylev,Russian,Unknown
Fazlov,Russian,Unknown
Birnbaum,Russian,Unknown
Dzharimov,Russian,Unknown
Huako,Russian,Unknown
Tzarev,Russian,Unknown
Mihalkin,Russian,Italian
Vysokin,Russian,Unknown
Janjul,Russian,Unknown
Usyskin,Russian,Unknown
Danilyak,Russian,Unknown
Mokretsov,Russian,Unknown
Jura,Russian,Unknown
Markhinin,Russian,Italian
Abasheev,Russian,Unknown
Isaikov,Russian,Unknown
Dzhelepov,Russian,Unknown
Limanov,Russian,Unknown
Zasoba,Russian,Unknown
Schirovsky,Russian,Unknown
Adamenko,Russian,Unknown
Pasternak,Russian,Unknown
Vagramenko,Russian,Unknown
Hatov,Russian,Unknown
Porohnya,Russian,Unknown
Galetsky,Russian,Unknown
Lutoshnikov,Russian,Unknown
Jakhnyuk,Russian,Unknown
Kalimulin,Russian,Italian
Aganov,Russian,Unknown
Avrutsky,Russian,Unknown
Raifeld,Russian,Unknown
Balabanov,Russian,Unknown
Nakhabtsev,Russian,Unknown
Momotov,Russian,Unknown
Ajiganoff,Russian,Unknown
Andryuhin,Russian,Unknown
Dubelir,Russian,Unknown
Danchuk,Russian,Unknown
Juon,Russian,Unknown
Vakulko,Russian,Unknown
Dzheladze,Russian,Unknown
Talankin,Russian,Unknown
Yagubsky,Russian,Unknown
Abramovsky,Russian,Unknown
Veller,Russian,Unknown
Rukhimovich,Russian,Italian
Yatsun,Russian,Japanese
Zharikhin,Russian,Italian
Vagapov,Russian,Unknown
Batchev,Russian,Unknown
Bakalov,Russian,Unknown
Jarov,Russian,Unknown
Abletsov,Russian,Unknown
Gluhotko,Russian,Unknown
Eihenvald,Russian,Unknown
Jatsenko,Russian,Unknown
Bachyanskas,Russian,Unknown
Mogilyuk,Russian,Unknown
Animitsa,Russian,Italian
Remnev,Russian,Unknown
Vozdvijensky,Russian,Unknown
Yamschikov,Russian,Unknown
Lapikov,Russian,Unknown
Jankilevsky,Russian,Unknown
Bakurinsky,Russian,Unknown
Bakradze,Russian,Unknown
Zhiltsov,Russian,Unknown
Pirtskhalava,Russian,Unknown
Zhulyabin,Russian,Unknown
Kamenetzky,Russian,Unknown
Baklykov,Russian,Unknown
Tchaleev,Russian,Unknown
Remeslo,Russian,Unknown
Zinkovsky,Russian,Unknown
Chugainov,Russian,Unknown
Hamitsev,Russian,Unknown
Zhuravsky,Russian,Unknown
Guzenko,Russian,Unknown
Zhulidov,Russian,Unknown
Gataullin,Russian,Unknown
Yuzvyuk,Russian,Unknown
Vilson,Russian,Unknown
Chalyshev,Russian,Unknown
Horoshih,Russian,Unknown
Marsky,Russian,Unknown
Yatsevich,Russian,Unknown
Maryltsev,Russian,Unknown
Awtaeff,Russian,Unknown
Hotimsky,Russian,Unknown
Gluhih,Russian,Unknown
Jukovich,Russian,Unknown
Andreenko,Russian,Unknown
Mokhosoev,Russian,Unknown
Baitchikoff,Russian,Italian
Balakhonsky,Russian,Unknown
Lutkov,Russian,Unknown
Yuzefov,Russian,Unknown
Vyguzov,Russian,Unknown
Hamatov,Russian,Unknown
Belotserkovets,Russian,Unknown
Bautin,Russian,Unknown
Teterkin,Russian,Unknown
Vadkovsky,Russian,Unknown
Bakshansky,Russian,Unknown
Mingazetdinov,Russian,Italian
Onkov,Russian,Unknown
Uzhva,Russian,Unknown
Uchaev,Russian,Unknown
Tovstykh,Russian,Unknown
Kabachnik,Russian,Unknown
Gall,Russian,Unknown
Abraroff,Russian,Unknown
Augustov,Russian,Unknown
Yachevsky,Russian,Unknown
Zhogin,Russian,Unknown
Timerbulatov,Russian,Unknown
Bakusoff,Russian,Unknown
Azhinoff,Russian,Unknown
Dubitsky,Russian,Unknown
Shalamanov,Russian,Unknown
Noskovsky,Russian,Unknown
Shazzo,Russian,Unknown
Abeltsev,Russian,Unknown
Atyasov,Russian,Unknown
Mihailenko,Russian,Italian
Grodsky,Russian,Unknown
Podshibikhin,Russian,Italian
Tikhvinsky,Russian,Italian
Balakhonoff,Russian,Unknown
Baranetsky,Russian,Unknown
Jekulin,Russian,Unknown
Zhirmunsky,Russian,Unknown
Vertkin,Russian,Unknown
Babushkin,Russian,Unknown
Beldy,Russian,Unknown
Ponkratov,Russian,Unknown
Hardaev,Russian,Unknown
Agishev,Russian,Unknown
Vasianov,Russian,Unknown
Adomaitis,Russian,Italian
Galochkin,Russian,Unknown
Pyrlin,Russian,Unknown
Neverov,Russian,Unknown
Balakhonov,Russian,Unknown
Enman,Russian,Unknown
Drozdenko,Russian,Unknown
Dobrynchenko,Russian,Unknown
Andrusov,Russian,Unknown
Pavluhin,Russian,Unknown
Tzalaban,Russian,Unknown
Lilyin,Russian,Italian
Adarchenko,Russian,Unknown
Awturkhanoff,Russian,Unknown
Admakin,Russian,Unknown
Luts,Russian,Unknown
Yanko,Russian,Unknown
Tsaliev,Russian,Unknown
Tokarev,Russian,Unknown
Gorbovsky,Russian,Unknown
Rohin,Russian,Unknown
Derkachev,Russian,Unknown
Mokrushev,Russian,Unknown
Chukhman,Russian,Unknown
Bakastoff,Russian,Unknown
Pentsak,Russian,Unknown
Pazhitnov,Russian,Unknown
Minov,Russian,Unknown
Harlap,Russian,Unknown
Jachevsky,Russian,Unknown
Portnikov,Russian,Unknown
Zhestovsky,Russian,Unknown
Hatmullin,Russian,Unknown
Morehin,Russian,Unknown
Jakovchuk,Russian,Unknown
Tulin,Russian,Unknown
To The First Page,Russian,Unknown
Nahimov,Russian,Unknown
Avelichev,Russian,Unknown
Enikolopov,Russian,Unknown
Dahaev,Russian,Unknown
Badyagin,Russian,Unknown
Agamoff,Russian,Unknown
Abdurahmanoff,Russian,Unknown
Mozharov,Russian,Unknown
Tsarek,Russian,Unknown
Martsenko,Russian,Unknown
Lojkin,Russian,Unknown
Lysenny,Russian,Unknown
Andruzsky,Russian,Unknown
Bagaturiya,Russian,Unknown
Uzov,Russian,Unknown
Bei-Bienko,Russian,Italian
Vinnik,Russian,Italian
Barakov,Russian,Unknown
Yanek,Russian,Unknown
Ponurovsky,Russian,Unknown
Porublev,Russian,Unknown
Zenischev,Russian,Unknown
Mkrtumyan,Russian,Unknown
Davletov,Russian,Unknown
Plisetsky,Russian,Unknown
Zinder,Russian,Unknown
Batskaev,Russian,Unknown
Tronye,Russian,Unknown
Judelevich,Russian,Unknown
Agibalov,Russian,Unknown
Yuhvidov,Russian,Unknown
Zherikhin,Russian,Italian
Yatsyk,Russian,Unknown
Valdin,Russian,Unknown
Fabrichnikov,Russian,Italian
Molyakov,Russian,Unknown
Chehlakovsky,Russian,Unknown
Shirinyan,Russian,Italian
Olenew,Russian,Unknown
Nasrutdinov,Russian,Unknown
Kartavtsev,Russian,Unknown
Jakhin,Russian,Unknown
Marmazov,Russian,Unknown
Baggovut,Russian,Unknown
Patziorkovsky,Russian,Unknown
Badelin,Russian,Unknown
Yageman,Russian,Unknown
Turuhin,Russian,Unknown
Gropyanov,Russian,Unknown
Tchartorizhsky,Russian,Unknown
Kalinichev,Russian,Italian
Anisikhin,Russian,Italian
Jerebin,Russian,Unknown
Zhovtyak,Russian,Unknown
Zhanimov,Russian,Unknown
Ablov,Russian,Unknown
Yanov,Russian,Unknown
Guzev,Russian,Unknown
Vyshnegradsky,Russian,Unknown
Anoskov,Russian,Unknown
Japondych,Russian,Unknown
Kaliteevsky,Russian,Unknown
Zhadin,Russian,Unknown
Minovitzky,Russian,Italian
Glazaty,Russian,Unknown
Prigarin,Russian,Italian
Tikhonravov,Russian,Unknown
Jivopistsev,Russian,Italian
Zhelezny,Russian,Unknown
Turukhin,Russian,Unknown
Valiahmetov,Russian,Unknown
Zholudev,Russian,Unknown
Bilinsky,Russian,Italian
Babukhin,Russian,Unknown
Guzik,Russian,Unknown
Bakaleiko,Russian,Unknown
Vadin,Russian,Unknown
Kartashkin,Russian,Unknown
Belogubov,Russian,Unknown
Tsarenkov,Russian,Unknown
Zhorzhev,Russian,Unknown
Astrov,Russian,Unknown
Pokhilenko,Russian,Unknown
Janover,Russian,Unknown
Awduloff,Russian,Unknown
Fotinov,Russian,Unknown
Hijny,Russian,Unknown
Leitis,Russian,Italian
Pismichenko,Russian,Italian
Bekhtenev,Russian,Unknown
Yatsuba,Russian,Japanese
Gayulsky,Russian,Unknown
Guzichenko,Russian,Unknown
Chalov,Russian,Unknown
Zolkin,Russian,Unknown
Gerschcovich,Russian,Unknown
Yudolovich,Russian,Unknown
Rigin,Russian,Italian
Talpin,Russian,Unknown
Belnikov,Russian,Unknown
Jukovets,Russian,Unknown
Researcher,Russian,Unknown
Djemal,Russian,Unknown
Mikhalchev,Russian,Unknown
Chekmezov,Russian,Unknown
Utoplov,Russian,Unknown
Ageevets,Russian,Unknown
Cheplakov,Russian,Unknown
Ekin,Russian,Unknown
Zhimila,Russian,Italian
Evert,Russian,Unknown
Shangareev,Russian,Unknown
Musakov,Russian,Unknown
Lejnin,Russian,Unknown
Tchehanov,Russian,Unknown
Kalashnik,Russian,Unknown
Juchkov,Russian,Unknown
Andryukov,Russian,Unknown
Zhunin,Russian,Unknown
Grositsky,Russian,Unknown
Avhimovich,Russian,Italian
Vinkler,Russian,Unknown
Routiyainen,Russian,Italian
Danilyan,Russian,Unknown
Hanenko,Russian,Unknown
Islambekov,Russian,Unknown
Tsalykhin,Russian,Unknown
Munin,Russian,Unknown
Talalykin,Russian,Unknown
Jbanov,Russian,Unknown
Jachmenkov,Russian,Unknown
Vilbreht,Russian,Unknown
Awalishwili,Russian,Italian
Jirnov,Russian,Unknown
Ableuhoff,Russian,Unknown
Alhimov,Russian,Unknown
Shengeliya,Russian,Unknown
Bahmetiev,Russian,Unknown
Holkin,Russian,Unknown
Yakushev,Russian,Unknown
Mohosoev,Russian,Unknown
Avksentievski,Russian,Italian
Tsarevsky,Russian,Unknown
Mukubenov,Russian,Unknown
Mingalev,Russian,Unknown
Jadrikhinsky,Russian,Italian
Ruhimovich,Russian,Italian
Shaidakov,Russian,Unknown
Jevakhov,Russian,Unknown
Dargomyjsky,Russian,Unknown
Haladjan,Russian,Unknown
Dzhavakhishvili,Russian,Italian
Pirozhkov,Russian,Unknown
Hetagurov,Russian,Unknown
Vinding,Russian,Italian
Luppa,Russian,Unknown
Chukhnovsky,Russian,Unknown
Gasilin,Russian,Italian
Hizriev,Russian,Italian
Katzenellenbogen,Russian,Unknown
Ryzhih,Russian,Unknown
Tchazov,Russian,Unknown
Kalimullin,Russian,Italian
Jarmuhamedov,Russian,Unknown
Valyushkin,Russian,Unknown
Pochtarev,Russian,Unknown
Molchanov,Russian,Unknown
Abragamson,Russian,Unknown
Loza,Russian,Unknown
Adelkhanoff,Russian,Unknown
Yushenkov,Russian,Unknown
Absalyamov,Russian,Unknown
Groshopf,Russian,Unknown
Yafrakov,Russian,Unknown
Markushin,Russian,Unknown
Mudrik,Russian,Unknown
Deryugin,Russian,Unknown
Valkevich,Russian,Unknown
Vaskovsky,Russian,Unknown
Natashkin,Russian,Unknown
Gribenkin,Russian,Italian
Jahontov,Russian,Unknown
Avilkin,Russian,Italian
Yuzhanov,Russian,Unknown
Porfiriev,Russian,Italian
Yam,Russian,Unknown
Ott,Russian,Unknown
Mulinov,Russian,Unknown
Bahlaev,Russian,Unknown
Sert,Russian,Unknown
Golovenchenko,Russian,Unknown
Jmakov,Russian,Unknown
Poroskov,Russian,Unknown
Getman,Russian,Unknown
Ziyatdinov,Russian,Italian
Minnihanov,Russian,Italian
Nyrtsev,Russian,Unknown
Senyakovich,Russian,Unknown
Zukerman,Russian,Unknown
Zhelokhovtsev,Russian,Unknown
Lapenkov,Russian,Unknown
Valts,Russian,Unknown
Molevich,Russian,Unknown
Artseulov,Russian,Unknown
Jandutkin,Russian,Unknown
Jalybin,Russian,Unknown
Yudasin,Russian,Unknown
Valov,Russian,Unknown
Onishko,Russian,Unknown
Mikhnevich,Russian,Italian
Imenin,Russian,Unknown
Vilyunas,Russian,Unknown
Agadjanyan,Russian,Unknown
Moshkin,Russian,Unknown
Pohmelkin,Russian,Unknown
Novoseltsev,Russian,Unknown
Avdonin,Russian,Unknown
Awwakumoff,Russian,Unknown
Bakhorin,Russian,Unknown
Awaeff,Russian,Unknown
Guketlev,Russian,Unknown
Tchartorijsky,Russian,Unknown
Myatlev,Russian,Unknown
Mozhaev,Russian,Unknown
Senyavin,Russian,Unknown
Scetintsev,Russian,Unknown
Lichenko,Russian,Unknown
Bakalinsky,Russian,Unknown
Donchak,Russian,Unknown
Emeshin,Russian,Unknown
Tchehovsky,Russian,Unknown
Yanowich,Russian,Unknown
Frolov,Russian,Unknown
Atabiev,Russian,Unknown
Uchuev,Russian,Unknown
Badykshanov,Russian,Unknown
Shakhov,Russian,Unknown
Zaslavsky,Russian,Unknown
Jivkovich,Russian,Italian
Morenshildt,Russian,Unknown
Djemilev,Russian,Unknown
Munchaev,Russian,Unknown
Timerbaev,Russian,Unknown
Ustyujanin,Russian,Unknown
Fadzaev,Russian,Unknown
Ryzhanov,Russian,Unknown
Ruhlyada,Russian,Unknown
Pechersky,Russian,Unknown
Dubkoff,Russian,Unknown
Zhigalin,Russian,Italian
Uzunov,Russian,Unknown
Mahov,Russian,Unknown
Hagurov,Russian,Unknown
Abdulladzhanoff,Russian,Unknown
Molodykh,Russian,Unknown
Lychakov,Russian,Unknown
Lysenkov,Russian,Unknown
Tikhonin,Russian,Italian
Robustov,Russian,Unknown
Saikov,Russian,Unknown
Belimov,Russian,Unknown
Awramchik,Russian,Unknown
Tzeimen,Russian,Unknown
Vasyukevich,Russian,Unknown
Gudz,Russian,Unknown
Vaindrah,Russian,Unknown
Lazhintsev,Russian,Unknown
Joltovsky,Russian,Unknown
Marshansky,Russian,Unknown
Remishevsky,Russian,Unknown
Rahimov,Russian,Unknown
Ilyushin,Russian,Unknown
Tsvetov,Russian,Unknown
Velsh,Russian,Unknown
Eroshkevich,Russian,Unknown
Jagich,Russian,Unknown
Remchukov,Russian,Unknown
Bakhurin,Russian,Unknown
Tsapin,Russian,Unknown
Zelenkin,Russian,Unknown
Glebovich,Russian,Unknown
Jahno,Russian,Unknown
Tomaev,Russian,Unknown
Hlevniuk,Russian,Unknown
Zhigultsov,Russian,Unknown
Chikhanchin,Russian,Italian
Patsev,Russian,Unknown
Marfin,Russian,Unknown
Badanoff,Russian,Unknown
Judolovich,Russian,Unknown
Bestuzhev-Lada,Russian,Unknown
Nakhushev,Russian,Unknown
Badanov,Russian,Unknown
Juchenko,Russian,Unknown
Avalishvili,Russian,Italian
Yablochkov,Russian,Unknown
Bakshtanowsky,Russian,Unknown
Jupikov,Russian,Unknown
Horoshkevich,Russian,Unknown
Gukov,Russian,Unknown
Jakubenko,Russian,Unknown
Chepurin,Russian,Unknown
Tcharkin,Russian,Unknown
Renskov,Russian,Unknown
Fisik,Russian,Italian
Jaivoronok,Russian,Unknown
Lepikhin,Russian,Italian
Baitoff,Russian,Unknown
Lebedkin,Russian,Unknown
Senyagin,Russian,Unknown
Pribylsky,Russian,Unknown
Imeretinsky,Russian,Unknown
Jakov,Russian,Unknown
Entus,Russian,Unknown
Demeshko,Russian,Unknown
Andronikov,Russian,Unknown
Talashkevich,Russian,Unknown
Yandiev,Russian,Unknown
Lotarev,Russian,Unknown
Chertischev,Russian,Unknown
Vannovsky,Russian,Unknown
Duronov,Russian,Unknown
Miniahhmetov,Russian,Italian
Bahmatoff,Russian,Unknown
Chepchyak,Russian,Unknown
Piskoppel,Russian,Unknown
Awtorkhanoff,Russian,Unknown
Harik,Russian,Unknown
Rogatko,Russian,Unknown
Djirin,Russian,Italian
Lapinsky,Russian,Unknown
Tsidilin,Russian,Italian
Trukhnin,Russian,Unknown
Ryzhkin,Russian,Unknown
Avsenev,Russian,Unknown
Russkikh,Russian,Unknown
Anikanov,Russian,Unknown
Otstavnov,Russian,Unknown
Bakhusov,Russian,Unknown
Vesich,Russian,Unknown
Ots,Russian,Unknown
Lykosov,Russian,Unknown
Gayazov,Russian,Unknown
Bair,Russian,Unknown
Davydkin,Russian,Unknown
Novotortsev,Russian,Unknown
Gukovsky,Russian,Unknown
Sapojnikov,Russian,Unknown
Tokombaev,Russian,Unknown
Shamakhov,Russian,Unknown
Grobivker,Russian,Unknown
Prigozhin,Russian,Italian
Miodushevsky,Russian,Unknown
Momdjyan,Russian,Unknown
Habirov,Russian,Unknown
Bahmutov,Russian,Unknown
Lokhno,Russian,Unknown
Mikhilev,Russian,Italian
Eikhenvald,Russian,Unknown
Grigorevsky,Russian,Unknown
Bagretsoff,Russian,Unknown
Zheleztsov,Russian,Unknown
Isangulov,Russian,Unknown
Zhegulin,Russian,Unknown
Fistal,Russian,Unknown
Dogadin,Russian,Unknown
Dzhanashiya,Russian,Unknown
Babanov,Russian,Unknown
Shainurov,Russian,Unknown
Batukov,Russian,Unknown
Belyavin,Russian,Unknown
Zhirov,Russian,Unknown
Privorotsky,Russian,Unknown
Beloschin,Russian,Unknown
Schitov,Russian,Unknown
Truhnin,Russian,Unknown
Kabeshov,Russian,Unknown
Medved,Russian,Unknown
Numerov,Russian,Unknown
Janibekov,Russian,Unknown
Turgenev,Russian,Unknown
Tsarsky,Russian,Unknown
Tikhonkih,Russian,Italian
Lajentsev,Russian,Unknown
Bakhmetev,Russian,Unknown
Poshehonov,Russian,Unknown
Hudyh,Russian,Unknown
Zimonin,Russian,Italian
Vymenets,Russian,Unknown
Havanov,Russian,Unknown
Seredavin,Russian,Unknown
Jakutkin,Russian,Unknown
Jerebovich,Russian,Unknown
Detinko,Russian,Unknown
Bilyaev,Russian,Unknown
Zheltyannikov,Russian,Unknown
Gudkov,Russian,Unknown
Ableukhoff,Russian,Unknown
Ader,Russian,Unknown
Abuhoff,Russian,Unknown
Michkov,Russian,Unknown
Vesnik,Russian,Unknown
Chehanov,Russian,Unknown
Galdus,Russian,Unknown
Tetekin,Russian,Unknown
Portnyagin,Russian,Unknown
Agalakoff,Russian,Unknown
Nezamai,Russian,Unknown
Gulchinsky,Russian,Unknown
Kalachihin,Russian,Italian
To The First Page,Russian,Unknown
Zherebin,Russian,Unknown
Durmanov,Russian,Unknown
Porhun,Russian,Unknown
Paradzhanov,Russian,Unknown
Zhidkih,Russian,Italian
Tukmanov,Russian,Unknown
Leikin,Russian,Italian
Jikin,Russian,Italian
Yudovich,Russian,Unknown
Zhdankin,Russian,Unknown
Makhankov,Russian,Unknown
Schepotyev,Russian,Unknown
Agatyev,Russian,Unknown
Yuskevich,Russian,Unknown
Tomas,Russian,Unknown
Abelman,Russian,Unknown
Bagalei,Russian,Unknown
Abih,Russian,Unknown
Glavchev,Russian,Unknown
Awrutsky,Russian,Unknown
Pakhtel,Russian,Unknown
Barabanov,Russian,Unknown
Charnolusky,Russian,Unknown
Litovchenko,Russian,Unknown
Zheimo,Russian,Unknown
Kalievsky,Russian,Unknown
Janitsky,Russian,Unknown
Nezabytovsky,Russian,Unknown
Tihvinsky,Russian,Italian
Lositsky,Russian,Unknown
Tzekhansky,Russian,Unknown
Balanovski,Russian,Unknown
Dobretsov,Russian,Unknown
Rovnev,Russian,Unknown
Darsky,Russian,Unknown
Abashin,Russian,Unknown
Levitis,Russian,Italian
Alchubaev,Russian,Unknown
Fedotko,Russian,Unknown
Loitzyansky,Russian,Unknown
Pylyaev,Russian,Unknown
Anisovets,Russian,Unknown
Froyanov,Russian,Unknown
Andryunin,Russian,Unknown
Hlyupin,Russian,Unknown
Mogilnitsky,Russian,Italian
Hasminsky,Russian,Unknown
Tsapenko,Russian,Unknown
Kalitvin,Russian,Italian
Babarykin,Russian,Unknown
Bakunts,Russian,Unknown
Bir,Russian,Unknown
Dan'Ko,Russian,Unknown
Chazov,Russian,Unknown
"Jevolojnov,",Russian,Unknown
Judakhin,Russian,Unknown
Rahmetov,Russian,Unknown
Hijnyakov,Russian,Unknown
Dozorny,Russian,Unknown
Gulyansky,Russian,Unknown
Jerebko,Russian,Unknown
Filipov,Russian,Italian
Hanifatullin,Russian,Italian
Katzman,Russian,Unknown
Hairyuzov,Russian,Unknown
Jeludev,Russian,Unknown
Balawensky,Russian,Unknown
Tchehovich,Russian,Unknown
Ukhtomsky,Russian,Unknown
Albertini,Russian,Italian
Yudkovich,Russian,Unknown
Murylev,Russian,Unknown
Kalentiev,Russian,Unknown
Bagachev,Russian,Unknown
Gudenko,Russian,Unknown
Rujitsky,Russian,Unknown
Dizhin,Russian,Italian
Vainberg,Russian,Unknown
Adoniev,Russian,Unknown
Babyuk,Russian,Unknown
Pytov,Russian,Unknown
Shahlevich,Russian,Unknown
Kalekin,Russian,Unknown
Chuhontsev,Russian,Unknown
Jagodinsky,Russian,Unknown
Jagupets,Russian,Unknown
Zasyadko,Russian,Unknown
Podsevalov,Russian,Unknown
Ponyatovsky,Russian,Unknown
Eihmans,Russian,Unknown
Bahtiaroff,Russian,Unknown
Rustikov,Russian,Unknown
Jakon,Russian,Unknown
Fionin,Russian,Italian
Pavlusenko,Russian,Unknown
Lebedevich,Russian,Unknown
Gachev,Russian,Unknown
Gaft,Russian,Unknown
Jevaikin,Russian,Italian
Abdurakhmanov,Russian,Unknown
Filipovsky,Russian,Italian
Gluzman,Russian,Unknown
Antonyuk,Russian,Unknown
Bakoni,Russian,Unknown
Zimenkov,Russian,Unknown
Avramchik,Russian,Unknown
Vedernikov,Russian,Unknown
Valyaev,Russian,Unknown
Baksheev,Russian,Unknown
Liders,Russian,Unknown
Lysakov,Russian,Unknown
Shaikov,Russian,Unknown
Tzipushtanov,Russian,Unknown
Likov,Russian,Unknown
Abrameitsev,Russian,Unknown
Onufrievich,Russian,Italian
Juikov,Russian,Unknown
Shamahov,Russian,Unknown
Deulenko,Russian,Unknown
Hapitsky,Russian,Unknown
Vislobokov,Russian,Unknown
Turupanov,Russian,Unknown
Loiko,Russian,Unknown
Bakhmutsky,Russian,Unknown
Kablits,Russian,Unknown
Oom,Russian,Unknown
Hantsev,Russian,Unknown
Mulatov,Russian,Unknown
Andreichik,Russian,Italian
Turchenko,Russian,Unknown
Churnosov,Russian,Unknown
Hesin,Russian,Unknown
Adelung,Russian,Unknown
Lidorenko,Russian,Unknown
Darjaev,Russian,Unknown
Ustimenko,Russian,Unknown
Egides,Russian,Unknown
Alperovich,Russian,Unknown
Vilke,Russian,Unknown
Bairashewski,Russian,Italian
Vyshkovsky,Russian,Unknown
Lyzhenkov,Russian,Unknown
Pyrchenkov,Russian,Unknown
Vyazmitinov,Russian,Italian
Ablesimoff,Russian,Unknown
Awerin,Russian,Unknown
Agratin,Russian,Unknown
Yansons,Russian,Unknown
Zelenkov,Russian,Unknown
Grushi,Russian,Unknown
Ageitchev,Russian,Unknown
Bakshtanovski,Russian,Unknown
Anedchenko,Russian,Unknown
Abalikhin,Russian,Italian
Yaguzhinsky,Russian,Unknown
Abalmasoff,Russian,Unknown
Zeleny,Russian,Unknown
Abrikosov,Russian,Unknown
Rivman,Russian,Unknown
Ujvak,Russian,Unknown
Baidavletoff,Russian,Unknown
Mravinsky,Russian,Unknown
Awduewski,Russian,Unknown
Mikhailutsa,Russian,Italian
Abelmazov,Russian,Unknown
Babilyas,Russian,Unknown
Bekh,Russian,Unknown
Shalnov,Russian,Unknown
Zhuravov,Russian,Unknown
Mikhailyants,Russian,Italian
Rohlin,Russian,Unknown
Awdonin,Russian,Unknown
Kalinin,Russian,Italian
Tsarikaev,Russian,Unknown
Vyborny,Russian,Unknown
Baewsky,Russian,Unknown
Dobrinsky,Russian,Unknown
Baikowsky,Russian,Unknown
Ribakov,Russian,Unknown
Zhelezko,Russian,Unknown
Grosul,Russian,Unknown
Nelyubov,Russian,Unknown
Yuferov,Russian,Unknown
Moschenko,Russian,Unknown
Hanakhu,Russian,Unknown
Bahtoff,Russian,Unknown
Hairullov,Russian,Unknown
Adamoff,Russian,Unknown
Mravin,Russian,Unknown
Kalabuhov,Russian,Unknown
Beilin,Russian,Italian
Chalyh,Russian,Unknown
Mukovozov,Russian,Unknown
Avhadiev,Russian,Unknown
Aurov,Russian,Unknown
Abzyaparoff,Russian,Unknown
Bahchivandji,Russian,Italian
Eidelstein,Russian,Italian
Portsienko,Russian,Unknown
Dermelev,Russian,Unknown
Fedchenkov,Russian,Unknown
Lapinus,Russian,Unknown
Yadryshnikov,Russian,Unknown
Vanchugov,Russian,Unknown
Saidbaev,Russian,Unknown
V'Unnikov,Russian,Unknown
Katzev,Russian,Unknown
Viner,Russian,Unknown
Awanesov,Russian,Unknown
Martirosov,Russian,Unknown
Chepasov,Russian,Unknown
Moldovyan,Russian,Unknown
Mogilevtsev,Russian,Unknown
Pashkov,Russian,Unknown
Schepiorko,Russian,Unknown
Adriyanoff,Russian,Unknown
Muklevich,Russian,Unknown
Rahmanov,Russian,Unknown
Astrahantsev,Russian,Unknown
Chepygin,Russian,Unknown
Martyuk,Russian,Unknown
Holshevnikov,Russian,Unknown
Marks,Russian,Unknown
Leihtenbergsky,Russian,Unknown
Chukhrov,Russian,Unknown
Jvirblis,Russian,Italian
Modin,Russian,Unknown
Muksunov,Russian,Unknown
Galkin-Vraskoi,Russian,Italian
Avetisov,Russian,Unknown
Tsvilgnev,Russian,Unknown
Kalambetov,Russian,Unknown
Barabanschikov,Russian,Unknown
Shenk,Russian,Unknown
Vertogradsky,Russian,Unknown
Zhevlakov,Russian,Unknown
Saks,Russian,Unknown
Batsman,Russian,Unknown
Marchenko,Russian,Unknown
Minyushev,Russian,Unknown
Vedenov,Russian,Unknown
Nahamkin,Russian,Unknown
Avkhimovich,Russian,Italian
Deryujinsky,Russian,Unknown
Jivov,Russian,Unknown
Likhodeev,Russian,Unknown
Vazhov,Russian,Unknown
Zhegin,Russian,Unknown
Heifets,Russian,Unknown
Halatyan,Russian,Unknown
Tzai,Russian,Unknown
Tulinov,Russian,Unknown
Jatsuba,Russian,Japanese
Danilchuk,Russian,Unknown
Jadenov,Russian,Unknown
Leibe,Russian,Unknown
Dzhumaev,Russian,Unknown
Tsyavlovsky,Russian,Unknown
Zhivkovich,Russian,Italian
Jaba,Russian,Unknown
Tuleev,Russian,Unknown
Likhosherstov,Russian,Unknown
Mochalin,Russian,Unknown
Makhnenko,Russian,Unknown
Baiguzov,Russian,Unknown
Desyatkin,Russian,Unknown
Kalistratov,Russian,Unknown
Gudvan,Russian,Unknown
Jeltouhov,Russian,Unknown
Shakhnazarov,Russian,Unknown
Yapaskurt,Russian,Unknown
Usiskin,Russian,Italian
Taliev,Russian,Unknown
Babosov,Russian,Unknown
Sak,Russian,Unknown
Zimny,Russian,Unknown
Babakulov,Russian,Unknown
Shamrun,Russian,Unknown
Davletyarov,Russian,Unknown
Chihachev,Russian,Unknown
Grakovich,Russian,Unknown
Timonin,Russian,Italian
Jigalin,Russian,Italian
Baturkin,Russian,Unknown
Jilenko,Russian,Unknown
Hamaev,Russian,Unknown
Ebsvort,Russian,Unknown
Herheulidzev,Russian,Unknown
Evarestov,Russian,Unknown
Marunin,Russian,Unknown
Chepurnov,Russian,Unknown
Ligostaev,Russian,Unknown
Halitov,Russian,Unknown
Jukhtanov,Russian,Unknown
Leibovsky,Russian,Unknown
Nureev,Russian,Unknown
Kartamyshev,Russian,Unknown
Abulhanoff,Russian,Unknown
Pendyuhov,Russian,Unknown
Balahontsev,Russian,Unknown
Parasyuk,Russian,Unknown
Yachmentsev,Russian,Unknown
Sepp,Russian,Unknown
Pekhtin,Russian,Unknown
Toktahunov,Russian,Unknown
Gets,Russian,Unknown
Turovsky,Russian,Unknown
Durmashkin,Russian,Unknown
Bestolov,Russian,Unknown
Agulian,Russian,Unknown
Yanin,Russian,Unknown
Jaminsky,Russian,Unknown
Ponidelko,Russian,Unknown
Ruslanov,Russian,Unknown
Belin,Russian,Unknown
Jagello,Russian,Unknown
Imamutdinov,Russian,Unknown
Tets,Russian,Unknown
Ustimkin,Russian,Italian
Dertynov,Russian,Unknown
Agayan,Russian,Unknown
Artemev,Russian,Unknown
Hil,Russian,Unknown
Evstafiev,Russian,Unknown
Bezrukikh,Russian,Unknown
Bazaev,Russian,Unknown
Harkevich,Russian,Unknown
Nastogunin,Russian,Unknown
Dzhumabaev,Russian,Unknown
Tokmakov,Russian,Unknown
Fadyuhin,Russian,Unknown
Isakovich,Russian,Unknown
Agapotchkin,Russian,Unknown
Jandiev,Russian,Unknown
Liventsov,Russian,Unknown
Babanoff,Russian,Unknown
Tovstyko,Russian,Unknown
Lichman,Russian,Unknown
Balanovsky,Russian,Unknown
Jakubonis,Russian,Unknown
Adabashian,Russian,Unknown
Zhvykin,Russian,Unknown
Hajkasimov,Russian,Unknown
Isachenkov,Russian,Unknown
Jadkevich,Russian,Unknown
Ustinchenko,Russian,Unknown
Jikharev,Russian,Unknown
Mulenkov,Russian,Unknown
Mozheiko,Russian,Unknown
Belkov,Russian,Unknown
Pavin,Russian,Unknown
Mogilnikov,Russian,Italian
Davidyuk,Russian,Unknown
Yudkov,Russian,Unknown
Zhiznyakov,Russian,Unknown
Porus,Russian,Unknown
Bakhtiarov,Russian,Unknown
Zhbankov,Russian,Unknown
Golovan,Russian,Unknown
Porokhov,Russian,Unknown
Minkin,Russian,Italian
Yadrov,Russian,Unknown
Vanjula,Russian,Unknown
Iskaev,Russian,Unknown
Andronnikov,Russian,Unknown
Zhdakaev,Russian,Unknown
Privalov,Russian,Unknown
Zasodimsky,Russian,Unknown
Ilyakhin,Russian,Unknown
Kalikhov,Russian,Unknown
Marchanukov,Russian,Unknown
Timin,Russian,Italian
Porshnev,Russian,Unknown
Gassan,Russian,Unknown
Drozdetsky,Russian,Unknown
Bawvykin,Russian,Unknown
Utropov,Russian,Unknown
Zhiznevsky,Russian,Unknown
Vederman,Russian,Unknown
Baderskoff,Russian,Unknown
Robakidze,Russian,Unknown
Eroshevsky,Russian,Unknown
Jakovchenko,Russian,Unknown
Ruhtoev,Russian,Unknown
Valchitsky,Russian,Unknown
Awrorin,Russian,Unknown
Yakushkov,Russian,Unknown
Timkin,Russian,Italian
Jitomirsky,Russian,Italian
Rennenkampf,Russian,Unknown
Dodin,Russian,Unknown
Shakhrai,Russian,Unknown
Tzapin,Russian,Unknown
Muzhitskih,Russian,Italian
Minnubaev,Russian,Unknown
Tsekhmistrenko,Russian,Unknown
Androhanov,Russian,Unknown
Bader,Russian,Unknown
To The First  Page,Russian,Unknown
Vaksberg,Russian,Unknown
Martidi,Russian,Italian
Munster,Russian,Unknown
Anderson,Scottish,Unknown
Jones,Scottish,Unknown
Mcdonald,Scottish,Unknown
Campbell,Scottish,Unknown
Ramsay,Scottish,Unknown
Douglas,Scottish,Unknown
Macdonald,Scottish,Unknown
Wright,Scottish,Unknown
Murphy,Scottish,Unknown
Black,Scottish,Unknown
Williamson,Scottish,Italian
Grant,Scottish,Unknown
Henderson,Scottish,Unknown
Shaw,Scottish,Unknown
Watson,Scottish,Unknown
Vilaró,Spanish,Unknown
Perez,Spanish,Unknown
Gallego,Spanish,Unknown
Varela,Spanish,Unknown
Puerta,Spanish,Unknown
Rendón,Spanish,Unknown
D'cruze,Spanish,Unknown
Félix,Spanish,Unknown
Ochoa,Spanish,Unknown
Nieves,Spanish,Unknown
Oliver,Spanish,Unknown
Blanxart,Spanish,Unknown
Azarola,Spanish,Unknown
Araya,Spanish,Unknown
Flores,Spanish,Unknown
Aberquero,Spanish,Unknown
Rey,Spanish,Unknown
Arreola,Spanish,Unknown
Santana,Spanish,Unknown
Franco,Spanish,Unknown
San nicolas,Spanish,Unknown
Fuentes,Spanish,Unknown
Albuquerque,Spanish,Unknown
Rojo,Spanish,Unknown
Arena,Spanish,Unknown
Herrera,Spanish,Unknown
Bonaventura,Spanish,Unknown
Guerra,Spanish,Unknown
Pavia,Spanish,Unknown
Abascal,Spanish,Unknown
Marino,Spanish,Unknown
Ramos,Spanish,Unknown
Abreu,Spanish,Unknown
De leon,Spanish,Unknown
Puig,Spanish,Unknown
Aqua,Spanish,Unknown
Michel,Spanish,Unknown
Lopez,Spanish,Unknown
Vicario,Spanish,Italian
Casales,Spanish,Unknown
Abana,Spanish,Unknown
Abel,Spanish,Unknown
Aritza,Spanish,Unknown
Villaverde,Spanish,Unknown
Kim,Vietnamese,Unknown
Ly,Vietnamese,Unknown
Mach,Vietnamese,Unknown
Chau,Vietnamese,Unknown
Thao,Vietnamese,Unknown
Banh,Vietnamese,Unknown
Thach,Vietnamese,Unknown
Hoang,Vietnamese,Unknown
Do,Vietnamese,Unknown
Than,Vietnamese,Unknown
