Fakhoury,Arabic
Toma,Arabic
Koury,Arabic
Bata,Arabic
Samaha,Arabic
Sarraf,Arabic
Hadad,Arabic
Seif,Arabic
Mansour,Arabic
Maalouf,Arabic
Kassis,Arabic
Nader,Arabic
Harb,Arabic
Mustafa,Arabic
Shamon,Arabic
Shalhoub,Arabic
Rahal,Arabic
Dagher,Arabic
Arian,Arabic
Haik,Arabic
Mustafa,Arabic
Handal,Arabic
Shamoon,Arabic
Quraishi,Arabic
Naser,Arabic
Tahan,Arabic
Mifsud,Arabic
Malouf,Arabic
Baba,Arabic
Botros,Arabic
Kouri,Arabic
Kassis,Arabic
Shamon,Arabic
Isa,Arabic
Deeb,Arabic
Naifeh,Arabic
Antoun,Arabic
Abadi,Arabic
Rahal,Arabic
Zogby,Arabic
Quraishi,Arabic
Mansour,Arabic
Kattan,Arabic
Abadi,Arabic
Boutros,Arabic
Halabi,Arabic
Tuma,Arabic
Halabi,Arabic
Atiyeh,Arabic
Antoun,Arabic
Mifsud,Arabic
Shadid,Arabic
Ghannam,Arabic
Seif,Arabic
Zogby,Arabic
Baba,Arabic
Atiyeh,Arabic
Kanaan,Arabic
Morcos,Arabic
Mustafa,Arabic
Bitar,Arabic
Handal,Arabic
Kattan,Arabic
Said,Arabic
Shalhoub,Arabic
Shamoun,Arabic
Nazari,Arabic
Boutros,Arabic
Fakhoury,Arabic
Kouri,Arabic
Mifsud,Arabic
Hadad,Arabic
Guirguis,Arabic
Baba,Arabic
Salib,Arabic
Zogby,Arabic
Bitar,Arabic
Saliba,Arabic
Tahan,Arabic
Bitar,Arabic
Nahas,Arabic
Ganim,Arabic
Khoury,Arabic
Isa,Arabic
Maalouf,Arabic
Shadid,Arabic
Ghanem,Arabic
Deeb,Arabic
Mikhail,Arabic
Ganim,Arabic
Hadad,Arabic
Arian,Arabic
Khoury,Arabic
Basara,Arabic
Toma,Arabic
Srour,Arabic
Nassar,Arabic
Ganim,Arabic
Basara,Arabic
Dagher,Arabic
Kalb,Arabic
Ganem,Arabic
Kassis,Arabic
Hajjar,Arabic
Ganem,Arabic
Nahas,Arabic
Hajjar,Arabic
Assaf,Arabic
Mansour,Arabic
Basara,Arabic
Attia,Arabic
Sarkis,Arabic
Kouri,Arabic
Wasem,Arabic
Asker,Arabic
Salib,Arabic
Nahas,Arabic
Harb,Arabic
Shadid,Arabic
Kattan,Arabic
Moghadam,Arabic
Maroun,Arabic
Cham,Arabic
Ghanem,Arabic
Malouf,Arabic
Salib,Arabic
Asghar,Arabic
Guirguis,Arabic
Hanania,Arabic
Qureshi,Arabic
Abboud,Arabic
Khouri,Arabic
Baba,Arabic
Botros,Arabic
Srour,Arabic
Tuma,Arabic
Koury,Arabic
Antar,Arabic
Arian,Arabic
Maloof,Arabic
Haddad,Arabic
Tuma,Arabic
Guirguis,Arabic
Asghar,Arabic
Ganem,Arabic
Daher,Arabic
Maalouf,Arabic
Bitar,Arabic
Kouri,Arabic
Mustafa,Arabic
Abboud,Arabic
Najjar,Arabic
Fakhoury,Arabic
Shalhoub,Arabic
Shadid,Arabic
Mifsud,Arabic
Antoun,Arabic
Isa,Arabic
Abadi,Arabic
Salib,Arabic
Hajjar,Arabic
Hadad,Arabic
Tuma,Arabic
Ghannam,Arabic
Mustafa,Arabic
Ganim,Arabic
Malouf,Arabic
Srour,Arabic
Shamon,Arabic
Hadad,Arabic
Halabi,Arabic
Bahar,Arabic
Maroun,Arabic
Shamoon,Arabic
Shamoun,Arabic
Kassis,Arabic
Nader,Arabic
Sabbagh,Arabic
Naser,Arabic
Khouri,Arabic
Bian,Chinese
Bao,Chinese
You,Chinese
Ow-Yang,Chinese
She,Chinese
Pan,Chinese
Law,Chinese
Mai,Chinese
Woo,Chinese
Dan,Chinese
Lao,Chinese
Tze,Chinese
Zhi,Chinese
Shaw,Chinese
Xiang,Chinese
Lai,Chinese
Zeng,Chinese
Seah,Chinese
Guo,Chinese
Dou,Chinese
Tsen,Chinese
Wan,Chinese
Fan,Chinese
Rui,Chinese
Cermak,Czech
Ballalatak,Czech
Vaca,Czech
Cerv,Czech
Kafka,Czech
Faltejsek,Czech
Ransom,Czech
Camfrlova,Czech
Kuffel,Czech
Zipperer,Czech
Urbanek,Czech
Kesl,Czech
Michalovicova,Czech
Ponec,Czech
Doljs,Czech
Opizka,Czech
Lawa,Czech
Kocian,Czech
Brabbery,Czech
Kudrna,Czech
Chalupka,Czech
Friedrich,Czech
Betlach,Czech
Schenk,Czech
Suchanka,Czech
Frierdich,Czech
Kenzel,Czech
Pellar,Czech
Wilchek,Czech
Ruba,Czech
Blazejovsky,Czech
Weiss,Czech
Veverka,Czech
Safko,Czech
Kreutschmer,Czech
Treblik,Czech
Grygarova,Czech
Schwarz,Czech
Holub,Czech
Rebka,Czech
Timpe,Czech
Shula,Czech
Grulich,Czech
Sankovsky,Czech
Kulhanek,Czech
Voneve,Czech
Peter,Dutch
Rompaye,Dutch
Snaijer,Dutch
Penners,Dutch
Smit,Dutch
Zee,Dutch
Ven,Dutch
Apeldoorn,Dutch
Roijakker,Dutch
Aller,Dutch
Ramaaker,Dutch
Laar,Dutch
Schuyler,Dutch
Peeters,Dutch
Rameckers,Dutch
Mohren,Dutch
Buggenum,Dutch
Niftrik,Dutch
Rossum,Dutch
Ogterop,Dutch
Rompa,Dutch
Hautem,Dutch
Slootmaekers,Dutch
Leeuwenhoek,Dutch
Kolijn,Dutch
Muyskens,Dutch
Dewar,English
Dawkins,English
Fraser,English
English,English
Boyce,English
Bickley,English
Dundon,English
Adkins,English
Hodge,English
Jubb,English
Hallam,English
Fifield,English
Carnegie,English
Jordan,English
Reygan,English
Riseborough,English
Warwick,English
Kinrade,English
Mansell,English
Donkin,English
Hubbard,English
Kettlewell,English
Goulden,English
Jacks,English
Ashurst,English
Jakeman,English
Purcell,English
Johanson,English
Falsh,English
Hopwood,English
Pitchford,English
Holl,English
Keenan,English
Sylvester,English
Neary,English
Taggart,English
Carter,English
Foran,English
Thornton,English
Ashcroft,English
Crawley,English
Pickford,English
Bramley,English
Ginty,English
Tansley,English
Hanson,English
Horn,English
Leach,English
Hope,English
Bithell,English
Millard,English
Worrall,English
Connell,English
Isgate,English
Mckeown,English
Upton,English
Sharma,English
Biddle,English
Finnimore,English
Endroe,English
Donoghue,English
Jerry,English
Simpson,English
Diamond,English
Crofts,English
Ryans,English
Plouvin,English
Lawrie,English
Abrahams,English
Hirst,English
Osman,English
Humphreys,English
Kehoe,English
Fearnley,English
Sparrow,English
Zaoui,English
Laraway,English
Thurston,English
Bradbury,English
Donald,English
Gourlay,English
Welton,English
Kiddle,English
Dougherty,English
Keene,English
Roffey,English
Lightfoot,English
Leyshon,English
Farrell,English
Essam,English
Toucet,English
Rick,English
Sutherland,English
Lynch,English
Kirkbride,English
Coates,English
Bradley,English
Leek,English
Fielder,English
Reay,English
Neale,English
Ripley,English
Spooner,English
Hargreaves,English
Wilde,English
Sadiq,English
Gonzalez,English
Owens,English
Bower,English
Estlick,English
Bancroft,English
Maher,English
Adlam,English
Newman,English
Rickards,English
Alford,English
Edwick,English
Dymond,English
Clamp,English
Anscombe,English
Lane,English
Mcmillan,English
Wills,English
Odam,English
Wotherspoon,English
Pett,English
Goodall,English
Griggs,English
Rollinson,English
Widdowson,English
Dexter,English
Eadie,English
Elliott,English
Stephenson,English
Addis,English
Kolt,English
Dora,English
Mcnally,English
Oxenham,English
Partlett,English
Wears,English
Dowling,English
Down,English
Donohoe,English
Greig,English
Ellwood,English
Worthington,English
Tufnall,English
Molloy,English
Roach,English
Mckee,English
Stainton,English
Sayers,English
Myers,English
Butler,English
Chauhan,English
Watling,English
Ayres,English
Eastaway,English
Wales,English
Fairbairn,English
Phipps,English
Fabb,English
Glass,English
Tate,English
Cutts,English
Samuel,English
Hand,English
Hinton,English
Field,English
Wileman,English
Twiggs,English
Werrett,English
Reisser,English
Fitton,English
Waite,English
Cookson,English
Le tissier,English
Lumb,English
Higgs,English
Duke,English
Illingworth,English
Pennell,English
Ardern,English
Thorley,English
Oxby,English
Readle,English
Okey,English
Essop,English
Dwyer,English
Pennington,English
Negros,English
Delamarre,English
Lobb,English
Pinnock,English
Biggs,English
Bruce,English
Nineham,English
Mccann,English
Lees,English
Halliday,English
Eastaugh,English
Ullman,English
Gower,English
Johns,English
Wilton,English
Lilwall,English
Hussein,English
Rickett,English
Sweeting,English
Keeble,English
Laird,English
Maclean,English
Entwistle,English
Fisk,English
Crowe,English
Daugherty,English
Ralph,English
Roome,English
Davenport,English
Nairn,English
Dale,English
Tompkins,English
Uttridge,English
Timberlake,English
Burns,English
Daniel,English
Cohen,English
Huggins,English
Luttrell,English
Newill,English
Eales,English
Niles,English
Steward,English
Morris,English
Hogg,English
Langridge,English
Burn,English
Aves,English
Shand,English
Leary,English
Foulkes,English
Forman,English
Pendlebury,English
Hallett,English
Jasper,English
London,English
Plummer,English
Dodd,English
Bennett,English
Morrow,English
Fellows,English
Ayley,English
Gough,English
Yetman,English
Issac,English
Elstone,English
Hutchison,English
Love,English
Aziz,English
Alderson,English
Hepburn,English
Nicolson,English
Robbins,English
Alanson,English
Shah,English
Goodson,English
Cavanagh,English
Awad,English
Brookfield,English
Deighton,English
Hood,English
Gilbert,English
Blackwell,English
Fitzsimmons,English
Golding,English
Leese,English
Flaherty,English
Moseley,English
Powles,English
Downton,English
Paige,English
Acton,English
Annan,English
Drewett,English
Lancaster,English
Kinsley,English
Verell,English
Norville,English
Luscombe,English
Devonport,English
Jeffreys,English
Ulyatt,English
Matthews,English
Blythe,English
Norburn,English
Emery,English
Gavin,English
Kirwin,English
Voakes,English
D arcy,English
Exon,English
Perrins,English
Harper,English
Vine,English
Dougal,English
Strange,English
Pooke,English
Thirlway,English
Keward,English
Gibbon,English
Bateman,English
Olds,English
Manson,English
Faust,English
Govender,English
Wright,English
Elkington,English
Debenham,English
Ingham,English
Bone,English
Busby,English
Shea,English
Arnold,English
Mcnulty,English
Vernon,English
Jewers,English
Jervis,English
Rann,English
Graham,English
Tailler,French
Marchand,French
Giles,French
Paquet,French
Masson,French
Robert,French
Charpentier,French
Patenaude,French
Tobias,French
Leclair,French
Bureau,French
Bonnaire,French
Lécuyer,French
Fabron,French
Dubois,French
Forest,French
Olivier,French
Leroy,French
Paternoster,French
Babineaux,French
Montagne,French
Petit,French
Lesauvage,French
Cousineau,French
Buhr,German
Holzknecht,German
Grosse,German
Herbert,German
Lieberenz,German
Blau,German
Richter,German
Grosser,German
Lang,German
Rosenberger,German
Herschel,German
Lawrenz,German
Paternoster,German
Prinz,German
Karl,German
Tangeman,German
Maas,German
Schenck,German
Schuhart,German
Rothenberg,German
Gross,German
Braun,German
Fried,German
Seidel,German
Aleshite,German
Mein,German
Großel,German
Houk,German
Sulzbach,German
Ackermann,German
Trumbauer,German
Kempf,German
Frost,German
Sander,German
Schuhmacher,German
Feldt,German
Reuter,German
Bieber,German
Becker,German
Schmitt,German
Swango,German
Küchler,German
Sorge,German
Hasenkamp,German
Samuel,German
Stuber,German
Strobel,German
Stumpf,German
Unruh,German
Janz,German
Holst,German
Gerhard,German
Garver,German
Rapp,German
Gensch,German
Müller,German
Rademaker,German
Baumhauer,German
Dittmar,German
Penzig,German
Bambach,German
Kundert,German
Herrmann,German
Köhler,German
Antonopoulos,Greek
Gomatos,Greek
Egonidis,Greek
Pappayiorgas,Greek
Gavril,Greek
Nomikos,Greek
Lolos,Greek
Adamidis,Greek
Christakos,Greek
Fourakis,Greek
Alexandropoulos,Greek
Bursinos,Greek
Geracimos,Greek
Pantelakos,Greek
Georgeakopoulos,Greek
Kosmas,Greek
Diakogeorgiou,Greek
Gavrilopoulos,Greek
Gallchobhar,Irish
Maciomhair,Irish
Power,Irish
Meadhra,Irish
Reagan,Irish
Mcnab,Irish
Ceallachan,Irish
Curran,Irish
Madaidhin,Irish
Hayden,Irish
Maguire,Irish
O'Shea,Irish
O'Rourke,Irish
Delaney,Irish
Rinn,Irish
O'Neill,Irish
Macghabhann,Irish
Kavanagh,Irish
Eoin,Irish
Roach,Irish
Pietri,Italian
Zangari,Italian
Ruggeri,Italian
Pellegrino,Italian
Roma,Italian
Sansone,Italian
Uberti,Italian
Pavesi,Italian
Murgia,Italian
Breda,Italian
Donati,Italian
Bianchi,Italian
Roncalli,Italian
Lagorio,Italian
Nanni,Italian
D'ambrosio,Italian
Carbone,Italian
Lagomarsìno,Italian
Aliberti,Italian
Altoviti,Italian
Nieri,Italian
Acconci,Italian
Giannino,Italian
Albricci,Italian
Albani,Italian
Rais,Italian
Tedesco,Italian
Nepi,Italian
Poggio,Italian
Landolfi,Italian
Aloia,Italian
Provenza,Italian
Nicosia,Italian
Columbo,Italian
Varano,Italian
Capello,Italian
Lazzari,Italian
Bellandini,Italian
Mosconi,Italian
Salomon,Italian
Belloni,Italian
Cattaneo,Italian
Serpico,Italian
Sebastino,Italian
Elena,Italian
Amantea,Italian
Salvatici,Italian
Albero,Italian
Alduino,Italian
Caito,Italian
Sacco,Italian
Abandonato,Italian
Leccese,Italian
Santini,Italian
Scordato,Italian
Vescovi,Italian
Pozzi,Italian
Innocenti,Italian
Antonelli,Italian
Airaldi,Italian
Pesaro,Italian
Lippi,Italian
Barone,Italian
Takashi,Japanese
Ishida,Japanese
Soga,Japanese
Mitsuharu,Japanese
Seo,Japanese
Ohmae,Japanese
Miyoshi,Japanese
Kajitani,Japanese
Yamanaka,Japanese
Satoya,Japanese
Kotoku,Japanese
Nakasato,Japanese
Odaka,Japanese
Kahaya,Japanese
Usami,Japanese
Watnabe,Japanese
Numajiri,Japanese
Toyama,Japanese
Shigeki,Japanese
Arita,Japanese
Takagi,Japanese
Endo,Japanese
Higuchi,Japanese
Kurohiko,Japanese
Yanagawa,Japanese
Dan,Japanese
Miyake,Japanese
Mutsu,Japanese
Hattori,Japanese
Okabe,Japanese
Uchida,Japanese
Nakazawa,Japanese
Yoshioka,Japanese
Yamada,Japanese
Erizawa,Japanese
Ijiri,Japanese
Someya,Japanese
Komon,Japanese
Yamamura,Japanese
Kurosawa,Japanese
Higoshi,Japanese
Okimasa,Japanese
Asai,Japanese
Oshin,Japanese
Sugase,Japanese
Shunji,Japanese
Hamada,Japanese
Asanuma,Japanese
Sakurai,Japanese
Sekozawa,Japanese
Yamanoue,Japanese
Yamabe,Japanese
Oishi,Japanese
Yasuda,Japanese
Tanuma,Japanese
Koshin,Japanese
Nakasawa,Japanese
Imoo,Japanese
Shiokawa,Japanese
Asuhara,Japanese
Otaka,Japanese
Murasaki,Japanese
Nagata,Japanese
Kazuyoshi,Japanese
Takekawa,Japanese
Saitoh,Japanese
Miyahara,Japanese
Nakadai,Japanese
Iwakura,Japanese
Hirase,Japanese
Tatsuko,Japanese
Ohmiya,Japanese
Tanizaki,Japanese
Takagawa,Japanese
Nakanoi,Japanese
Nakanishi,Japanese
Mazuka,Japanese
Kiski,Japanese
Eda,Japanese
Honami,Japanese
Takagaki,Japanese
Tono,Japanese
Soseki,Japanese
Maeno,Japanese
Kamata,Japanese
Kubota,Japanese
Minabuchi,Japanese
Satake,Japanese
Nam,Korean
Ha,Korean
Shin,Korean
Yoo,Korean
Chi,Korean
Yun,Korean
Seo,Korean
Hwang,Korean
Janda,Polish
Gomolka,Polish
Szweda,Polish
Salomon,Polish
Jaskulski,Polish
Bartosz,Polish
Winograd,Polish
Pasternak,Polish
Wronski,Polish
Bernard,Polish
Kaczka,Polish
Kaluza,Polish
Estéves,Portuguese
Pinho,Portuguese
Ferreiro,Portuguese
Silva,Portuguese
Romão,Portuguese
D'cruz,Portuguese
Mindra,Russian
Holuev,Russian
Researcher,Russian
Vasin,Russian
Beltyukov,Russian
Finogeev,Russian
Dovgopoly,Russian
Hazan,Russian
Mordvinov,Russian
Averyanov,Russian
Enyagin,Russian
Poshibalov,Russian
Baikalov,Russian
Zhimerin,Russian
Kabyshev,Russian
Haustov,Russian
Katsarev,Russian
Nahamkis,Russian
Agababyan,Russian
Iskander,Russian
Novosiltsov,Russian
Atanov,Russian
Tsyurupa,Russian
Tupalo,Russian
Jakushev,Russian
Jachmenev,Russian
Ponyatkov,Russian
Yakov,Russian
Zhilchikov,Russian
Holodkovsky,Russian
Mihilev,Russian
Awilkin,Russian
Velyaminov,Russian
Bachilo,Russian
Didichenko,Russian
Tzagunov,Russian
Jmelkov,Russian
Abdulgapuroff,Russian
Pohodun,Russian
Ruzhenkov,Russian
Golovenok,Russian
Gorbman,Russian
Shaikhmurzin,Russian
Gudtsov,Russian
Makushkin,Russian
Abikh,Russian
Grigorishin,Russian
Nuryshev,Russian
Bezrukih,Russian
Avtorkhanov,Russian
Awaliani,Russian
Mozhar,Russian
Tchaganov,Russian
Chihanchin,Russian
Lubushkin,Russian
Agababov,Russian
Holodilin,Russian
Talkov,Russian
Adilov,Russian
Podsyadlo,Russian
Adelfinski,Russian
Beider,Russian
Plichko,Russian
Zasuhin,Russian
Abolin,Russian
Lysko,Russian
Remez,Russian
Grossman,Russian
Dmukhovsky,Russian
Alkvist,Russian
Yatzuba,Russian
Lapin,Russian
Hasaev,Russian
Agranovich,Russian
Rogachev,Russian
To The First Page,Russian
Pochkaev,Russian
Chekis,Russian
Leizerman,Russian
Awerkowitch,Russian
Kachimov,Russian
Rotmistrov,Russian
Moshenko,Russian
Baidzhanov,Russian
Chkhikvadze,Russian
Mudrov,Russian
Serednitsky,Russian
Isayan,Russian
Zhitukhin,Russian
Belgov,Russian
Chukhlomsky,Russian
Valentinovich,Russian
Valnev,Russian
Baier,Russian
Shahlamov,Russian
Zhandarov,Russian
Baburov,Russian
Nasikan,Russian
Glukhman,Russian
Dogadkin,Russian
Hanykov,Russian
Jadovsky,Russian
Belikovich,Russian
Baibikov,Russian
Mahalov,Russian
Poyarkov,Russian
Gronsky,Russian
Ustkachkintsev,Russian
Gudoshin,Russian
Jeldakov,Russian
Tzaplinsky,Russian
Dik,Russian
Vyalushkin,Russian
Geftler,Russian
Bilibin,Russian
Zhitny,Russian
Grushevenko,Russian
Bagdasaroff,Russian
Tubylov,Russian
Kalinovsky,Russian
Jatzenko,Russian
Zhirikov,Russian
Bestuzhev,Russian
Zhedrinsky,Russian
Jernov,Russian
Handohin,Russian
Agzamov,Russian
Jandarbiev,Russian
Martoyas,Russian
Djanibekov,Russian
Belshtein,Russian
Hidirov,Russian
Ablyakimoff,Russian
Jdankov,Russian
Guliev,Russian
Zhvachkin,Russian
Bazanov,Russian
Chernovol,Russian
Dahin,Russian
Habarin,Russian
Rochegov,Russian
Bekkarevich,Russian
Hilkov,Russian
Kabakov,Russian
Tokarenko,Russian
Portyanko,Russian
Lychanaya,Russian
Rogashkov,Russian
Atabekov,Russian
Martsenyuk,Russian
Verbitsky,Russian
Jugai,Russian
Gesti,Russian
Obukovkin,Russian
Makhmudov,Russian
Tsyurko,Russian
Eroshin,Russian
Pavelko,Russian
Lodyagin,Russian
Halkiopov,Russian
Maryenko,Russian
Nugaibekov,Russian
Vyalko,Russian
Hlyzov,Russian
Uchuvatkin,Russian
Shakhgildyan,Russian
Jimerin,Russian
Agatov,Russian
Zherzdev,Russian
Valberh,Russian
Shalgin,Russian
Digurov,Russian
Vygovsky,Russian
Zhvanetsky,Russian
Shahov,Russian
Dehtyarev,Russian
Rotenberg,Russian
Dontsov,Russian
Islamov,Russian
Chkheidze,Russian
Dobridnyuk,Russian
Martemyanov,Russian
Esikov,Russian
Goloushin,Russian
Moshkarkin,Russian
Hatuntsev,Russian
Mozhaiskov,Russian
Balanowsky,Russian
Eihfeld,Russian
Maruschenko,Russian
Badamshin,Russian
Gluskin,Russian
Tihenko,Russian
Gluhman,Russian
Daniltsev,Russian
Abyshev,Russian
Zhuzhnev,Russian
Yakon,Russian
Haraman,Russian
Rekemchuk,Russian
Martysyuk,Russian
Gorbachev,Russian
Gulkin,Russian
Deulin,Russian
Gauer,Russian
Mihalchuk,Russian
Myachkov,Russian
Mujitskih,Russian
Jadne,Russian
Shahbazov,Russian
Tzebrikov,Russian
Omarov,Russian
Hilchevsky,Russian
Zholovan,Russian
Hamadullin,Russian
Lihomanov,Russian
Turunov,Russian
Yanishevsky,Russian
Abdulladjanov,Russian
Jujnev,Russian
Johin,Russian
Bekleshev,Russian
Veselago,Russian
Jigultsov,Russian
Derzhavets,Russian
Badyaev,Russian
Golovachev,Russian
Multah,Russian
Murtazin,Russian
Rzhavinsky,Russian
Hairutdinov,Russian
Nouvel,Russian
Egarmin,Russian
Vorogushin,Russian
Toidze,Russian
Taltskov,Russian
Balakleevsky,Russian
Zharmukhamedov,Russian
Mihailutsa,Russian
Ebergard,Russian
Abdulbasirov,Russian
V'Yuhin,Russian
Zelenov,Russian
Kalimahi,Russian
Forsh,Russian
Dobretsky,Russian
Elinson,Russian
Bazarevich,Russian
Peleev,Russian
Hitrov,Russian
Kacharyants,Russian
Engelmeier,Russian
Vedikhov,Russian
Chuvashev,Russian
Avakyan,Russian
Abramov,Russian
Awksentiewsky,Russian
Lubsky,Russian
Mogilensky,Russian
Homich,Russian
Vaistuh,Russian
Almuhametov,Russian
Yanover,Russian
Jernovoy,Russian
Vikhansky,Russian
Minnikhanov,Russian
Baewski,Russian
Golofeev,Russian
Hanenya,Russian
Badoff,Russian
Lihovskih,Russian
Aboimov,Russian
Abdrazakov,Russian
Belovol,Russian
Teterev,Russian
Dantsiger,Russian
Abdrakhmanoff,Russian
Batsura,Russian
Tsagunov,Russian
Seredyuk,Russian
Gultyaev,Russian
Yakob,Russian
Golochevsky,Russian
Lebidko,Russian
Tsvirko,Russian
Zhirnyakov,Russian
Bekker,Russian
Elez,Russian
Kachalovsky,Russian
Turmanov,Russian
Ajinoff,Russian
Zinnatov,Russian
Chertorijsky,Russian
Dargevich,Russian
Kaletin,Russian
Dzhanaev,Russian
Velikin,Russian
Pitaevsky,Russian
Abakumtsev,Russian
Tsehanovich,Russian
Piterskih,Russian
Ryzhkovsky,Russian
Elanin,Russian
Halyapin,Russian
Zhiryakov,Russian
Lysikhin,Russian
Hapachev,Russian
Evstratov,Russian
Rukhlin,Russian
Tzayukov,Russian
Habibulin,Russian
Badikov,Russian
Kalaidovich,Russian
Bestujev,Russian
Bahtiyaroff,Russian
Abdulrahmanov,Russian
Jaboev,Russian
Liholobov,Russian
Jokin,Russian
Zhalagin,Russian
Tsvelyukh,Russian
Jakuschenko,Russian
Dnishev,Russian
Pecherkin,Russian
Adov,Russian
Lihtentul,Russian
Havroshin,Russian
Abertasov,Russian
Belikin,Russian
Baer,Russian
Shirko,Russian
Havinson,Russian
Andrusiw,Russian
Tzahilov,Russian
Balahonsky,Russian
Molnovetsky,Russian
Aboev,Russian
Vedyaskin,Russian
Abyzgiddin,Russian
Pellenen,Russian
Jemlihanov,Russian
Almut,Russian
Ababko,Russian
Yukhimenko,Russian
Rivkin,Russian
Zhogov,Russian
Jandulsky,Russian
Vygotsky,Russian
Hasis,Russian
Avdiev,Russian
Halkechev,Russian
Tihodeev,Russian
Halaphaev,Russian
Abalakin,Russian
Egin,Russian
Abramovitch,Russian
Enshin,Russian
Himich,Russian
Gorstkin,Russian
Por,Russian
Markus,Russian
Balabai,Russian
Matsotsky,Russian
Nesmachko,Russian
Tzalyhin,Russian
Tzeluiko,Russian
Awagimoff,Russian
Ujva,Russian
Eihe,Russian
Vertiprahov,Russian
Awen,Russian
Jachnik,Russian
Pavelyev,Russian
Filippovich,Russian
Gasman,Russian
Tzakunov,Russian
Natapov,Russian
Tuguz,Russian
Awtukhoff,Russian
Dobrotvorsky,Russian
Jurkov,Russian
Michudo,Russian
To The First Page,Russian
Mordvin,Russian
Taller,Russian
Vozmitel,Russian
Dzhezhela,Russian
Awroff,Russian
Yakimychev,Russian
Vikulin,Russian
Bakhovkin,Russian
Otstavnoi,Russian
Shalyapin,Russian
Avdulov,Russian
Raihelgauz,Russian
Shenyavsky,Russian
Vangengeim,Russian
Matsevich,Russian
Zasyad'Ko,Russian
Gorsun,Russian
Chukhanov,Russian
Ryjkin,Russian
Renzyaev,Russian
Haidukov,Russian
Shahansky,Russian
Minyajetdinov,Russian
Hanjiev,Russian
Habelashvili,Russian
Zhurbenko,Russian
Chikurov,Russian
Lokhanov,Russian
Egides,Russian
Habov,Russian
Babahanov,Russian
Shahnarovich,Russian
Zhitnikov,Russian
Timkov,Russian
Rempler,Russian
Yankilevsky,Russian
Jamlikhanov,Russian
Mihnov,Russian
Muzylev,Russian
Fazlov,Russian
Birnbaum,Russian
Dzharimov,Russian
Huako,Russian
Tzarev,Russian
Mihalkin,Russian
Vysokin,Russian
Janjul,Russian
Usyskin,Russian
Danilyak,Russian
Mokretsov,Russian
Jura,Russian
Markhinin,Russian
Abasheev,Russian
Isaikov,Russian
Dzhelepov,Russian
Limanov,Russian
Zasoba,Russian
Schirovsky,Russian
Adamenko,Russian
Pasternak,Russian
Vagramenko,Russian
Hatov,Russian
Porohnya,Russian
Galetsky,Russian
Lutoshnikov,Russian
Jakhnyuk,Russian
Kalimulin,Russian
Aganov,Russian
Avrutsky,Russian
Raifeld,Russian
Balabanov,Russian
Nakhabtsev,Russian
Momotov,Russian
Ajiganoff,Russian
Andryuhin,Russian
Dubelir,Russian
Danchuk,Russian
Juon,Russian
Vakulko,Russian
Dzheladze,Russian
Talankin,Russian
Yagubsky,Russian
Abramovsky,Russian
Veller,Russian
Rukhimovich,Russian
Yatsun,Russian
Zharikhin,Russian
Vagapov,Russian
Batchev,Russian
Bakalov,Russian
Jarov,Russian
Abletsov,Russian
Gluhotko,Russian
Eihenvald,Russian
Jatsenko,Russian
Bachyanskas,Russian
Mogilyuk,Russian
Animitsa,Russian
Remnev,Russian
Vozdvijensky,Russian
Yamschikov,Russian
Lapikov,Russian
Jankilevsky,Russian
Bakurinsky,Russian
Bakradze,Russian
Zhiltsov,Russian
Pirtskhalava,Russian
Zhulyabin,Russian
Kamenetzky,Russian
Baklykov,Russian
Tchaleev,Russian
Remeslo,Russian
Zinkovsky,Russian
Chugainov,Russian
Hamitsev,Russian
Zhuravsky,Russian
Guzenko,Russian
Zhulidov,Russian
Gataullin,Russian
Yuzvyuk,Russian
Vilson,Russian
Chalyshev,Russian
Horoshih,Russian
Marsky,Russian
Yatsevich,Russian
Maryltsev,Russian
Awtaeff,Russian
Hotimsky,Russian
Gluhih,Russian
Jukovich,Russian
Andreenko,Russian
Mokhosoev,Russian
Baitchikoff,Russian
Balakhonsky,Russian
Lutkov,Russian
Yuzefov,Russian
Vyguzov,Russian
Hamatov,Russian
Belotserkovets,Russian
Bautin,Russian
Teterkin,Russian
Vadkovsky,Russian
Bakshansky,Russian
Mingazetdinov,Russian
Onkov,Russian
Uzhva,Russian
Uchaev,Russian
Tovstykh,Russian
Kabachnik,Russian
Gall,Russian
Abraroff,Russian
Augustov,Russian
Yachevsky,Russian
Zhogin,Russian
Timerbulatov,Russian
Bakusoff,Russian
Azhinoff,Russian
Dubitsky,Russian
Shalamanov,Russian
Noskovsky,Russian
Shazzo,Russian
Abeltsev,Russian
Atyasov,Russian
Mihailenko,Russian
Grodsky,Russian
Podshibikhin,Russian
Tikhvinsky,Russian
Balakhonoff,Russian
Baranetsky,Russian
Jekulin,Russian
Zhirmunsky,Russian
Vertkin,Russian
Babushkin,Russian
Beldy,Russian
Ponkratov,Russian
Hardaev,Russian
Agishev,Russian
Vasianov,Russian
Adomaitis,Russian
Galochkin,Russian
Pyrlin,Russian
Neverov,Russian
Balakhonov,Russian
Enman,Russian
Drozdenko,Russian
Dobrynchenko,Russian
Andrusov,Russian
Pavluhin,Russian
Tzalaban,Russian
Lilyin,Russian
Adarchenko,Russian
Awturkhanoff,Russian
Admakin,Russian
Luts,Russian
Yanko,Russian
Tsaliev,Russian
Tokarev,Russian
Gorbovsky,Russian
Rohin,Russian
Derkachev,Russian
Mokrushev,Russian
Chukhman,Russian
Bakastoff,Russian
Pentsak,Russian
Pazhitnov,Russian
Minov,Russian
Harlap,Russian
Jachevsky,Russian
Portnikov,Russian
Zhestovsky,Russian
Hatmullin,Russian
Morehin,Russian
Jakovchuk,Russian
Tulin,Russian
To The First Page,Russian
Nahimov,Russian
Avelichev,Russian
Enikolopov,Russian
Dahaev,Russian
Badyagin,Russian
Agamoff,Russian
Abdurahmanoff,Russian
Mozharov,Russian
Tsarek,Russian
Martsenko,Russian
Lojkin,Russian
Lysenny,Russian
Andruzsky,Russian
Bagaturiya,Russian
Uzov,Russian
Bei-Bienko,Russian
Vinnik,Russian
Barakov,Russian
Yanek,Russian
Ponurovsky,Russian
Porublev,Russian
Zenischev,Russian
Mkrtumyan,Russian
Davletov,Russian
Plisetsky,Russian
Zinder,Russian
Batskaev,Russian
Tronye,Russian
Judelevich,Russian
Agibalov,Russian
Yuhvidov,Russian
Zherikhin,Russian
Yatsyk,Russian
Valdin,Russian
Fabrichnikov,Russian
Molyakov,Russian
Chehlakovsky,Russian
Shirinyan,Russian
Olenew,Russian
Nasrutdinov,Russian
Kartavtsev,Russian
Jakhin,Russian
Marmazov,Russian
Baggovut,Russian
Patziorkovsky,Russian
Badelin,Russian
Yageman,Russian
Turuhin,Russian
Gropyanov,Russian
Tchartorizhsky,Russian
Kalinichev,Russian
Anisikhin,Russian
Jerebin,Russian
Zhovtyak,Russian
Zhanimov,Russian
Ablov,Russian
Yanov,Russian
Guzev,Russian
Vyshnegradsky,Russian
Anoskov,Russian
Japondych,Russian
Kaliteevsky,Russian
Zhadin,Russian
Minovitzky,Russian
Glazaty,Russian
Prigarin,Russian
Tikhonravov,Russian
Jivopistsev,Russian
Zhelezny,Russian
Turukhin,Russian
Valiahmetov,Russian
Zholudev,Russian
Bilinsky,Russian
Babukhin,Russian
Guzik,Russian
Bakaleiko,Russian
Vadin,Russian
Kartashkin,Russian
Belogubov,Russian
Tsarenkov,Russian
Zhorzhev,Russian
Astrov,Russian
Pokhilenko,Russian
Janover,Russian
Awduloff,Russian
Fotinov,Russian
Hijny,Russian
Leitis,Russian
Pismichenko,Russian
Bekhtenev,Russian
Yatsuba,Russian
Gayulsky,Russian
Guzichenko,Russian
Chalov,Russian
Zolkin,Russian
Gerschcovich,Russian
Yudolovich,Russian
Rigin,Russian
Talpin,Russian
Belnikov,Russian
Jukovets,Russian
Researcher,Russian
Djemal,Russian
Mikhalchev,Russian
Chekmezov,Russian
Utoplov,Russian
Ageevets,Russian
Cheplakov,Russian
Ekin,Russian
Zhimila,Russian
Evert,Russian
Shangareev,Russian
Musakov,Russian
Lejnin,Russian
Tchehanov,Russian
Kalashnik,Russian
Juchkov,Russian
Andryukov,Russian
Zhunin,Russian
Grositsky,Russian
Avhimovich,Russian
Vinkler,Russian
Routiyainen,Russian
Danilyan,Russian
Hanenko,Russian
Islambekov,Russian
Tsalykhin,Russian
Munin,Russian
Talalykin,Russian
Jbanov,Russian
Jachmenkov,Russian
Vilbreht,Russian
Awalishwili,Russian
Jirnov,Russian
Ableuhoff,Russian
Alhimov,Russian
Shengeliya,Russian
Bahmetiev,Russian
Holkin,Russian
Yakushev,Russian
Mohosoev,Russian
Avksentievski,Russian
Tsarevsky,Russian
Mukubenov,Russian
Mingalev,Russian
Jadrikhinsky,Russian
Ruhimovich,Russian
Shaidakov,Russian
Jevakhov,Russian
Dargomyjsky,Russian
Haladjan,Russian
Dzhavakhishvili,Russian
Pirozhkov,Russian
Hetagurov,Russian
Vinding,Russian
Luppa,Russian
Chukhnovsky,Russian
Gasilin,Russian
Hizriev,Russian
Katzenellenbogen,Russian
Ryzhih,Russian
Tchazov,Russian
Kalimullin,Russian
Jarmuhamedov,Russian
Valyushkin,Russian
Pochtarev,Russian
Molchanov,Russian
Abragamson,Russian
Loza,Russian
Adelkhanoff,Russian
Yushenkov,Russian
Absalyamov,Russian
Groshopf,Russian
Yafrakov,Russian
Markushin,Russian
Mudrik,Russian
Deryugin,Russian
Valkevich,Russian
Vaskovsky,Russian
Natashkin,Russian
Gribenkin,Russian
Jahontov,Russian
Avilkin,Russian
Yuzhanov,Russian
Porfiriev,Russian
Yam,Russian
Ott,Russian
Mulinov,Russian
Bahlaev,Russian
Sert,Russian
Golovenchenko,Russian
Jmakov,Russian
Poroskov,Russian
Getman,Russian
Ziyatdinov,Russian
Minnihanov,Russian
Nyrtsev,Russian
Senyakovich,Russian
Zukerman,Russian
Zhelokhovtsev,Russian
Lapenkov,Russian
Valts,Russian
Molevich,Russian
Artseulov,Russian
Jandutkin,Russian
Jalybin,Russian
Yudasin,Russian
Valov,Russian
Onishko,Russian
Mikhnevich,Russian
Imenin,Russian
Vilyunas,Russian
Agadjanyan,Russian
Moshkin,Russian
Pohmelkin,Russian
Novoseltsev,Russian
Avdonin,Russian
Awwakumoff,Russian
Bakhorin,Russian
Awaeff,Russian
Guketlev,Russian
Tchartorijsky,Russian
Myatlev,Russian
Mozhaev,Russian
Senyavin,Russian
Scetintsev,Russian
Lichenko,Russian
Bakalinsky,Russian
Donchak,Russian
Emeshin,Russian
Tchehovsky,Russian
Yanowich,Russian
Frolov,Russian
Atabiev,Russian
Uchuev,Russian
Badykshanov,Russian
Shakhov,Russian
Zaslavsky,Russian
Jivkovich,Russian
Morenshildt,Russian
Djemilev,Russian
Munchaev,Russian
Timerbaev,Russian
Ustyujanin,Russian
Fadzaev,Russian
Ryzhanov,Russian
Ruhlyada,Russian
Pechersky,Russian
Munster,Scottish
Anderson,Scottish
Jones,Scottish
Mcdonald,Scottish
Campbell,Scottish
Ramsay,Scottish
Douglas,Scottish
Macdonald,Scottish
Wright,Scottish
Watson,Spanish
Vilaró,Spanish
Perez,Spanish
Gallego,Spanish
Varela,Spanish
Puerta,Spanish
Rendón,Spanish
D'cruze,Spanish
Félix,Spanish
Ochoa,Spanish
Nieves,Spanish
Oliver,Spanish
Blanxart,Spanish
Azarola,Spanish
Araya,Spanish
Flores,Spanish
Aberquero,Spanish
Rey,Spanish
Arreola,Spanish
Santana,Spanish
Franco,Spanish
San nicolas,Spanish
Fuentes,Spanish
Albuquerque,Spanish
Rojo,Spanish
Arena,Spanish
Villaverde,Vietnamese
Kim,Vietnamese
Ly,Vietnamese
Mach,Vietnamese
Chau,Vietnamese
Thao,Vietnamese
